Author_id,Author
A_1,A Tribe Called Red
A_2,A. Dara Dotz
A_3,A.J. Jacobs
A_4,Aakash Odedra
A_5,Aala El-Khani
A_6,"Aaron Duffy , Lake Buckley , Jack Foster"
A_7,Aaron Horowitz
A_8,Aaron Huey
A_9,Aaron Koblin
A_10,Aaron Maniam
A_11,Aaron Morris
A_12,Aaron O'Connell
A_13,Aaron Reedy
A_14,Aaron Sams
A_15,Aaswath Raman
A_16,Aatish Bhatia
A_17,Abbey Williams
A_18,Abdallah Ewis
A_19,Abe Davis
A_20,Abha Dawesar
A_21,Abhishek Gopalka
A_22,Abigail Disney
A_23,Abigail Marsh
A_24,Abigail Spanberger
A_25,Abigail Washburn
A_26,Abraham Verghese
A_27,Achenyo Idachaba
A_28,Achim Steiner
A_29,Achin Bhowmik
A_30,Adam Alter
A_31,Adam Carroll
A_32,Adam Clulow
A_33,Adam Cutler
A_34,Adam Davidson
A_35,Adam de la Zerda
A_36,Adam Driver
A_37,Adam Galinsky
A_38,Adam Garone
A_39,Adam Garske
A_40,Adam Grant
A_41,Adam Grant
A_42,Adam Grosser
A_43,Adam Kucharski
A_44,Adam Ostrow
A_45,Adam Sadowsky
A_46,Adam Savage
A_47,Adam Spencer
A_48,Adar Cohen
A_49,Addison Anderson
A_50,Adena Friedman
A_51,Adeola Fayehun
A_52,Adie Delaney
A_53,Aditi Gupta
A_54,Aditi Shankardass
A_55,Adong Judith
A_56,Adora Svitak
A_57,Adri√°n Paenza
A_58,Adrian K. Haugabrook
A_59,Adrienne Mayor
A_60,Afra Raymond
A_61,Agnes Binagwaho
A_62,Ahmad M. Hasnah
A_63,Ahn Trio
A_64,Ai-jen Poo
A_65,"Aicha el-Wafi , Phyllis Rodriguez"
A_66,Aicha Evans
A_67,Aimee Eubanks Davis
A_68,Aimee Mullins
A_69,"Aja Monet , phillip agnew"
A_70,Ajay Banga
A_71,Ajit Narayanan
A_72,Akash Manoj
A_73,"AKQA , Jung von Matt"
A_74,Akshita Agarwal
A_75,Al Gore
A_76,"Al Gore , Jaden Smith"
A_77,"Al Gore , Gloria Kasang Bulus , Nana Firman , Ximena Lor√≠a , Tim Guinee"
A_78,"Al Roker , Al Gore , David Biello , Latif Nasser"
A_79,Al Seckel
A_80,Al Vernacchio
A_81,Alaa Murabit
A_82,Alain de Botton
A_83,Alan Amling
A_84,Alan Crickmore
A_85,Alan Eustace
A_86,Alan Iny
A_87,Alan Kay
A_88,Alan Lupack
A_89,Alan Russell
A_90,Alan Siegel
A_91,Alan Smith
A_92,Alanna Shaikh
A_93,Alasdair Harris
A_94,Alastair Gray
A_95,Alastair O'Neill
A_96,Alastair Parvin
A_97,Alayna Vaughan
A_98,Alba Sotorra
A_99,Albert-László Barabási
A_100,Alberto Cairo
A_101,Alberto Gar√≠n
A_102,"Alec Soth , Stacey Baker"
A_103,Alejandro Aravena
A_104,Alejandro Chaskielberg
A_105,Alejandro Duran
A_106,Alejandro Nespral
A_107,Alejandro Sanchez Alvarado
A_108,Aleph Molinari
A_109,Alessandra Orofino
A_110,Alessandro Acquisti
A_111,Alex Apella
A_112,Alex Edmans
A_113,Alex Gendler
A_114,Alex Honnold
A_115,Alex Kipman
A_116,Alex Laskey
A_117,Alex Rosenthal
A_118,"Alex Rosenthal , George Zaidan"
A_119,"Alex Rosenthal , Pall Thordarson"
A_120,Alex Smith
A_121,Alex Steffen
A_122,Alex Tabarrok
A_123,Alex Wissner-Gross
A_124,Alexa Meade
A_125,Alexander Belcredi
A_126,Alexander Betts
A_127,Alexander Leitner
A_128,Alexander MacDonald
A_129,Alexander McLean
A_130,Alexander Tsiaras
A_131,Alexander Tuerpitz
A_132,Alexander Wagner
A_133,Alexandra Auer
A_134,Alexandra Horowitz
A_135,Alexandra Sacks
A_136,Alexandros Charalambides
A_137,Alexis Charpentier
A_138,Alexis Gambis
A_139,Alexis Jones
A_140,Alexis Ohanian
A_141,Ali Carr-Chellman
A_142,Ali Kashani
A_143,Alice Bows-Larkin
A_144,Alice Dreger
A_145,Alice Goffman
A_146,Alice Gorman
A_147,Alice Pailh√®s
A_148,Alice Rawsthorn
A_149,Alicia Chong Rodriguez
A_150,Alicia Eggert
A_151,"Alicia Garza , Patrisse Cullors , Opal Tometi"
A_152,Alicia Malone
A_153,Alisa Kazarina
A_154,Alisa Miller
A_155,Alison Gopnik
A_156,Alison Jackson
A_157,Alison Killing
A_158,Alison Ledgerwood
A_159,Alison Quirk
A_160,Alison Sander
A_161,Alix Generous
A_162,Allan Adams
A_163,Allan Jones
A_164,Allan Savory
A_165,Allison Hunt
A_166,"Allison Ramsey , Mary Staicu"
A_167,Almudena Toral
A_168,Alok Sharma
A_169,Alvin Irby
A_170,Alwar Balasubramaniam
A_171,Alyson McGregor
A_172,Alyssa Loorya
A_173,Alyssa Monks
A_174,Amanda Bennett
A_175,Amanda Burden
A_176,Amanda Gorman
A_177,Amanda Little
A_178,Amanda Mattes
A_179,Amanda Palmer
A_180,"Amanda Palmer , Jherek Bischoff , Usman Riaz"
A_181,Amanda Schochet
A_182,Amanda Williams
A_183,Amane Dannouni
A_184,Amar Inamdar
A_185,Amara Berry
A_186,Amber Case
A_187,Amber Hikes
A_188,Amber M. Yates
A_189,Amber McReynolds
A_190,Amber Stuver
A_191,Ameera Harouda
A_192,Amel Karboul
A_193,Amelia Laytham
A_194,America Ferrera
A_195,American Family Insurance
A_196,Ami Angelowicz
A_197,Ami Klin
A_198,Amina J. Mohammed
A_199,Amir Nizar Zuabi
A_200,Amishi Jha
A_201,Amit Kalra
A_202,Amit Sood
A_203,Amma Y. Ghartey-Tagoe Kootin
A_204,Amory Lovins
A_205,Amos Winter
A_206,Amy Adele Hasinoff
A_207,Amy Adkins
A_208,Amy C. Edmondson
A_209,Amy Cuddy
A_210,Amy Edmondson
A_211,Amy Green
A_212,Amy Herman
A_213,"Amy Hrdina , Jesse Kroll"
A_214,Amy Lockwood
A_215,Amy Milton
A_216,Amy Nicole Baker
A_217,Amy Padnani
A_218,Amy Price Azano
A_219,Amy Purdy
A_220,Amy Smith
A_221,Amy Tan
A_222,Amy Webb
A_223,Anab Jain
A_224,Anand Agarawala
A_225,Anand Giridharadas
A_226,Anand Varma
A_227,Ananda Shankar Jayant
A_228,Anant Agarwal
A_229,Ananya Grover
A_230,Anas Aremeyaw Anas
A_231,Anastasia Penright
A_232,Anastasia Taylor-Lind
A_233,Anders Fjellberg
A_234,Anders Ynnerman
A_235,Andres Ruzo
A_236,Andras Forgacs
A_237,Andrea Berchowitz
A_238,Andrea Ghez
A_239,Andrea Gibson
A_240,Andrea M. Henle
A_241,Andrea Vilallonga
A_242,Andreas Ekstr√∂m
A_243,Andreas Raptopoulos
A_244,Andreas Schleicher
A_245,Andreea S. Calude
A_246,Andres Lozano
A_247,Andrew Arruda
A_248,Andrew Bastawrous
A_249,Andrew Bird
A_250,Andrew Blum
A_251,Andrew Connolly
A_252,Andrew Dent
A_253,Andrew Fitzgerald
A_254,Andrew Forrest
A_255,Andrew Marantz
A_256,Andrew McAfee
A_257,Andrew McDonald
A_258,Andrew Millar
A_259,Andrew Mwenda
A_260,Andrew Nemr
A_261,Andrew Peek
A_262,Andrew Pelling
A_263,"Andrew Pontzen , Tom Whyntie"
A_264,Andrew Solomon
A_265,Andrew Stanton
A_266,Andrew Vanden Heuvel
A_267,Andrew Winston
A_268,Andrew Youn
A_269,Andrew Zimmerman Jones
A_270,Andrey Vyshedskiy
A_271,Andri Sn√¶r Magnason
A_272,Andy Hobsbawm
A_273,Andy Puddicombe
A_274,Andy Yen
A_275,Ane Brun
A_276,Anees Bahji
A_277,Angelica Dass
A_278,Angelique Parisot-Potter
A_279,Angel Chang
A_280,Angel Hsu
A_281,Angela Belcher
A_282,Angela Francis
A_283,Angela Garbes
A_284,Angela Koine Flynn
A_285,Angela Lee Duckworth
A_286,Angela Mahecha Adrar
A_287,Angela Oguntala
A_288,Angela Patton
A_289,Angela Wang
A_290,Angelica Dass
A_291,Angelicque White
A_292,Angelo Vermeulen
A_293,Angie Murimirwa
A_294,Ani Liu
A_295,Anika Hazra
A_296,Anika Paulson
A_297,Anil Ananthaswamy
A_298,Anil Gupta
A_299,Anil Raj
A_300,Anil Seth
A_301,Anindya Kundu
A_302,Anirudh Sharma
A_303,Anita Collins
A_304,Anja Blacha
A_305,Anjali Kumar
A_306,Anjali Tripathi
A_307,Anjan Chatterjee
A_308,Anjan Sundaram
A_309,Ann Cooper
A_310,Ann Curry
A_311,Ann Morgan
A_312,Ann-Hel√©n Bay
A_313,Anna Babel
A_314,Anna Deavere Smith
A_315,Anna Heringer
A_316,Anna Malaika Tubbs
A_317,Anna Mracek Dietrich
A_318,Anna Piperal
A_319,Anna Post
A_320,Anna Rosling Ronnlund
A_321,Anna Rothschild
A_322,Anne Basting
A_323,Anne Curzan
A_324,Anne F. Broadbridge
A_325,Anne Gaskett
A_326,Anne Lamott
A_327,Anne Madden
A_328,Anne Marie Albano
A_329,Anne Milgram
A_330,Anne Pasternak
A_331,Anne Scherer
A_332,Anne-Marie Slaughter
A_333,Annette Heuser
A_334,"Annie Bosler , Don Greene"
A_335,Annie Lennox
A_336,Annie Murphy Paul
A_337,AnnMarie Thomas
A_338,Anote Tong
A_339,Anton Garcia-Abril
A_340,Antonio Guterres
A_341,"Antara Raychaudhuri , Iseult Gillespie"
A_342,Anthony Atala
A_343,Anthony D. Romero
A_344,Anthony Goldbloom
A_345,Anthony Hazard
A_346,Anthony Veneziale
A_347,Antionette Carroll
A_348,Antoine Gourevitch
A_349,Antonella Mei-Pochtler
A_350,Antonio Damasio
A_351,Antonio Donato Nobre
A_352,Antonio Garcia Vicente
A_353,Antonio Muoz Fernandez
A_354,Antony Gormley
A_355,Anu Puusa
A_356,Anu Sridharan
A_357,Anupam Mishra
A_358,Anushka Naiknaware
A_359,Aomawa Shields
A_360,Aparna Hegde
A_361,Aparna Mehta
A_362,Aparna Nancherla
A_363,Aparna Pallavi
A_364,Aparna Rao
A_365,Apiorkor Seyiram Ashong-Abbey
A_366,Apollo Robbins
A_367,April Gudenrath
A_368,Aracelis Girmay
A_369,Archie Crowley
A_370,Ari Wallach
A_371,Ariana Curtis
A_372,Arianna Huffington
A_373,Ariel Anbar
A_374,Ariel Garten
A_375,Ariel Waldman
A_376,Arik Hartmann
A_377,Arindam Bhattacharya
A_378,Arinjay Banerjee
A_379,Aris Venetikidis
A_380,Arjan Dwarshuis
A_381,Arleen Sugano
A_382,Armand D'Angour
A_383,Armando Azua-Bustos
A_384,Arnav Kapur
A_385,Arturs Miksons
A_386,Arthur Benjamin
A_387,Arthur Brooks
A_388,Arthur Ganson
A_389,Arthur Potts Dawson
A_390,Arunabha Ghosh
A_391,Arunachalam Muruganantham
A_392,Arvind Gupta
A_393,Asaf Bar-Yosef
A_394,Asali DeVan Ecclesiastes
A_395,Ash Beckham
A_396,Asha de Vos
A_397,Asher Hasan
A_398,Ashley Graham
A_399,Ashley Judd
A_400,Ashley Whillans
A_401,Ashraf Ghani
A_402,Ashton Applewhite
A_403,Ashton Cofer
A_404,Ashweetha Shetty
A_405,Ashwin Naidu
A_406,Ashwini Anburajan
A_407,Ashwini Bhandiwad
A_408,Ashwini Mrinal Bhagat
A_409,Asmeret Asefaw Berhe
A_410,Aspen Baker
A_411,Astro Teller
A_412,Atul Gawande
A_413,Aubrey de Grey
A_414,Audrey Choi
A_415,Audrey Tang
A_416,Augie Picado
A_417,Augusto Carballido
A_418,Auke Ijspeert
A_419,Auret van Heerden
A_420,Austin Eubanks
A_421,Avi Reichental
A_422,Avi Rubin
A_423,Axel Reinaud
A_424,Ayah Bdeir
A_425,Ayana Elizabeth Johnson
A_426,"Ayana Elizabeth Johnson , Jennifer Jacquet"
A_427,"Ayana Elizabeth Johnson , Megan Davis"
A_428,"Ayana Jamieson , Moya Bailey"
A_429,Ayanna Howard
A_430,"Azim Khamisa , Ples Felix"
A_431,Aziz Abu Sarah
A_432,Aziza Chaouni
A_433,B.E.A.T. NYC
A_434,B√©atrice Coron
A_435,Baba Shiv
A_436,Bahia Shehab
A_437,Balsher Singh Sidhu
A_438,Bandi Mbubi
A_439,Barat Ali Batoor
A_440,Baratunde Thurston
A_441,Barbara Block
A_442,Barbara J. King
A_443,Barbara Natterson-Horowitz
A_444,Barbara Sherman
A_445,Baroness Beeban Kidron
A_446,Barry Schuler
A_447,Barry Schwartz
A_448,Bart Knols
A_449,Bart Weetjens
A_450,Barton Seaver
A_451,Bas Sudmeijer
A_452,Bassam Tariq
A_453,Bastian Schaefer
A_454,Beardyman
A_455,Beau Lotto
A_456,"Beau Lotto , Amy O'Toole"
A_457,"Beau Lotto , Cirque du Soleil"
A_458,Beautyrest
A_459,Becca McCharen-Tran
A_460,Becci Manson
A_461,Becky Blanton
A_462,Beeban Kidron
A_463,Bel Pesce
A_464,Belinda Stutzman
A_465,Belle and Sebastian
A_466,Ben Ambridge
A_467,Ben Cameron
A_468,Ben Cort
A_469,Ben Goldacre
A_470,Ben Kacyra
A_471,Ben Katchor
A_472,Ben Longdon
A_473,Ben Pring
A_474,Ben Saunders
A_475,Ben Wellington
A_476,Bence Nanay
A_477,Benedetta Berti
A_478,"Benedetta Berti , Evelien Borgman"
A_479,Benjamin Barber
A_480,Benjamin Grant
A_481,Benjamin Seibold
A_482,Benjamin Wallace
A_483,Benjamin Zander
A_484,Benoit Mandelbrot
A_485,Bernie Dunlap
A_486,Bernie Krause
A_487,Bertrand Piccard
A_488,Beth Ann Fennelly
A_489,Beth Ford
A_490,Beth Malone
A_491,"Beth Mortimer , Tarje Nissen-Meyer"
A_492,Beth Noveck
A_493,"Bethany Rickwald , Hayley Levitt"
A_494,Betsy Kauffman
A_495,Betsy Schwarm
A_496,Bettina Bair
A_497,Bettina Warburg
A_498,Betty Hart
A_499,"Beverly , Dereck Joubert"
A_500,Bhakti Sharma
A_501,Bhu Srinivasan
A_502,Bianca Tylek
A_503,Bijan Zakeri
A_504,Bilal Bomani
A_505,"Bill , Melinda Gates"
A_506,Bill Bernat
A_507,Bill Burnett
A_508,Bill Clinton
A_509,Bill Davenhall
A_510,Bill Doyle
A_511,Bill Ford
A_512,Bill Gates
A_513,Bill Gross
A_514,Bill Joy
A_515,Bill Keegan
A_516,Bill Schutt
A_517,Bill Shillito
A_518,Bill Shribman
A_519,Bill Stone
A_520,Bill Strickland
A_521,Bill T. Jones
A_522,Billie Jean King
A_523,Billy Collins
A_524,Billy Graham
A_525,Billy Samuel Mwape
A_526,Bina Venkataraman
A_527,Birke Baehr
A_528,BJ Miller
A_529,Bj√∂rn Ulvaeus
A_530,Bjorn Otto Sverdrup
A_531,Bjarke Ingels
A_532,Bjorn Lomborg
A_533,BLACK
A_534,Blaise Aguera y Arcas 
A_535,Blitz Bazawule
A_536,Boaz Almog
A_537,Bob Inglis
A_538,Bob Langert
A_539,Bob Mankoff
A_540,Bob Nease
A_541,Bob Schneider
A_542,Bob Stein
A_543,Bob Woodward
A_544,Bobby Ghosh
A_545,Bobby McFerrin
A_546,Boghuma Kabisen Titanji
A_547,Boniface Mwangi
A_548,Bonnie Bassler
A_549,Bono
A_550,Boris Hesser
A_551,Boy Girl Banjo
A_552,Boyd Varty
A_553,Bozoma Saint John
A_554,Brad Troeger
A_555,"Bradley Voytek , Tim Verstynen"
A_556,Bran Ferren
A_557,Brandon Clifford
A_558,Brandon Rodriguez
A_559,Brene Brown
A_560,Brenda Laurel
A_561,Brenda Romero
A_562,Brendan Constantine
A_563,Brent Loken
A_564,Brett Hennig
A_565,Brewster Kahle
A_566,Brian A. Pavlac
A_567,Brian Christian
A_568,Brian Cox
A_569,Brian D. Avery
A_570,Brian Dettmer
A_571,Brian Goldman
A_572,Brian Greene
A_573,Brian Janosch
A_574,Brian Jones
A_575,Brian Kateman
A_576,Brian Little
A_577,Brian Olson
A_578,Brian Skerry
A_579,Briana Brownell
A_580,Bright Simons
A_581,Britt Wray
A_582,Britta Riley
A_583,Brittany K. Barnett
A_584,Brittany Packnett Cunningham
A_585,Brittany Young
A_586,Brittney Cooper
A_587,Bronwyn King
A_588,"Brooke Buddemeier , Jessica S. Wieder"
A_589,Bruce Aylward
A_590,Bruce Bueno de Mesquita
A_591,Bruce Feiler
A_592,Bruce Friedrich
A_593,Bruce McCall
A_594,Bruce Schneier
A_595,"Bruno Bowden , Rufus Cappadocia"
A_596,Bruno Maisonnier
A_597,Bruno Michel
A_598,Bruno Torturra
A_599,Bryan Kett
A_600,Bryan Kramer
A_601,Bryan Stevenson
A_602,Bunker Roy
A_603,Bur√ßin Mutlu-Pakdil
A_604,Burt Rutan
A_605,Butterscotch
A_606,C.K. Williams
A_607,C√©dric Villani
A_608,C√©line Val√©ry
A_609,César Cuauhtémoc García Hernández
A_610,C√©sar Hidalgo
A_611,Cady Coleman
A_612,Caitlin Doughty
A_613,Caitlin Holman
A_614,"Caitlin Quattromani , Lauran Arledge"
A_615,"Caitria , Morgan O'Neill"
A_616,Cal Newport
A_617,Caleb Barlow
A_618,Caleb Chung
A_619,Cameron Herold
A_620,Cameron Morin
A_621,Cameron Paterson
A_622,Cameron Russell
A_623,Cameron Sinclair
A_624,Camilla Arndal Andersen
A_625,Camille A. Brown
A_626,"Camille Defrenne , Suzanne Simard"
A_627,Camille Langston
A_628,Camille Seaman
A_629,Camilo Ramirez
A_630,Candace Parker
A_631,Candis Watts Smith
A_632,Candy Chang
A_633,Canwen Xu
A_634,Cara E. Yar Khan
A_635,Cara Greene Epstein
A_636,Carey Kolaja
A_637,Carin Bondar
A_638,Carina Morillo
A_639,Carl Honore
A_640,Carl Joshua Ncube
A_641,Carl June
A_642,Carl Safina
A_643,Carl Schoonover
A_644,Carl Vause
A_645,Carl Zimmer
A_646,Carla Harris
A_647,Carlo Ratti
A_648,Carlos Bautista
A_649,Carlos M. Duarte
A_650,Carlos Moreno
A_651,Carlos Reif
A_652,Carmen Jim√©nez Borja
A_653,Carne Ross
A_654,Caro Verbeek
A_655,Carol Dweck
A_656,"Carol Farbotko , Ingrid Boas"
A_657,Carol Fishman Cohen
A_658,Carole Cadwalladr
A_659,Caroline Casey
A_660,Caroline Catlin
A_661,Caroline Harper
A_662,Caroline Lavelle
A_663,Caroline Paul
A_664,Caroline Phillips
A_665,Caroline Weaver
A_666,Caroline Winterer
A_667,Carolyn Bertozzi
A_668,Carolyn Freiwald
A_669,Carolyn Jones
A_670,Carolyn Marshall
A_671,Carolyn Porco
A_672,Carolyn Steel
A_673,Carrie Nugent
A_674,Carrie Poppy
A_675,Carson Bruns
A_676,Carter Emmart
A_677,Carvens Lissaint
A_678,Cary Fowler
A_679,Casey Brown
A_680,Casey Gerald
A_681,Cassie Flynn
A_682,Cat Laine
A_683,Catarina Mota
A_684,Catharine Young
A_685,Catherine Bracy
A_686,Catherine Crump
A_687,Catherine Mohr
A_688,Cathy Mulzer
A_689,Cathy O'Neil
A_690,Cecile Richards
A_691,Cedric Habiyaremye
A_692,Celeste Headlee
A_693,Cella Wright
A_694,Cesar Harada
A_695,Cesar Kuriyama
A_696,Chad Frischmann
A_697,Chad Orzel
A_698,Chade-Meng Tan
A_699,Chance Coughenour
A_700,Chand John
A_701,Charity Tillemann-Dick
A_702,Charity Wayua
A_703,Charlene Li
A_704,Charles Anderson
A_705,Charles C. Mann
A_706,Charles Elachi
A_707,Charles Fleischer
A_708,Charles Hazlewood
A_709,"Charles Hazlewood , British Paraorchestra"
A_710,Charles Leadbeater
A_711,Charles Limb
A_712,Charles Moore
A_713,Charles P. Smith
A_714,Charles Robertson
A_715,Charlie Jane Anders
A_716,Charlie Puth
A_717,Charlie Todd
A_718,Charlotte Degot
A_719,Charly Haversat
A_720,Charmian Gooch
A_721,"Chase LaDue , Bruce A. Schulte"
A_722,Chelsea Shields
A_723,Chen Qiufan
A_724,Chera Kowalski
A_725,Cheryl Hayashi
A_726,Cheryl Holder
A_727,Chetan Bhatt
A_728,Chetna Gala Sinha
A_729,Cheyenne Cochrane
A_730,Chiara Decaroli
A_731,Chibeze Ezekiel
A_732,Chieh Huang
A_733,Chieko Asakawa
A_734,Chika Ezeanya-Esiobu
A_735,Chika Okoro
A_736,Chiki Sarkar
A_737,Children of Palau
A_738,Chimamanda Ngozi Adichie
A_739,Chinaka Hodge
A_740,Chip Berlet
A_741,Chip Colwell
A_742,Chip Conley
A_743,Chip Kidd
A_744,Chitra Aiyar
A_745,Chlo√© Valdary
A_746,Chris A. Kniesly
A_747,Chris Abani
A_748,Chris Anderson
A_749,Chris Anderson (TED)
A_750,Chris Bangle
A_751,Chris Bennett
A_752,Chris Bliss
A_753,Chris Burkard
A_754,Chris Domas
A_755,Chris Downey
A_756,Chris Fisher
A_757,Chris Gerdes
A_758,Chris Hadfield
A_759,"Chris Hemsworth , Priyanka Chopra Jonas"
A_760,Chris Jordan
A_761,Chris Kluwe
A_762,Chris McKnett
A_763,Chris Milk
A_764,Chris Nowinski
A_765,Chris Sheldrick
A_766,Chris Urmson
A_767,Chris Vogtherr
A_768,Christen Reighter
A_769,Christer Mjaset
A_770,Christian Bailey
A_771,Christian Benimana
A_772,Christian Jarrett
A_773,Christian Moro
A_774,Christian Picciolini
A_775,Christian Rudder
A_776,Christian Schr√∂ter
A_777,Christian Wickert
A_778,Christiana Figueres
A_779,"Christiana Figueres , Chris Anderson"
A_780,Christiane Amanpour
A_781,Christiane-Marie Abu Sarah
A_782,Christien Meindertsma
A_783,Christina Agapakis
A_784,Christina Balch
A_785,Christina Costa
A_786,Christina Greer
A_787,Christina Wallace
A_788,Christina Warinner
A_789,Christine Carter
A_790,Christine Porath
A_791,Christine Sun Kim
A_792,Christine Thach
A_793,Christoph Adami
A_794,Christoph Keplinger
A_795,Christoph Niemann
A_796,"Christopher ""moot"" Poole"
A_797,Christopher Ategeka
A_798,Christopher Bahl
A_799,Christopher Bell
A_800,Christopher C. Deam
A_801,Christopher Danielson
A_802,Christopher deCharms
A_803,Christopher E. Gaw
A_804,Christopher Emdin
A_805,Christopher McDougall
A_806,Christopher Robichaud
A_807,Christopher Ryan
A_808,Christopher Soghoian
A_809,Christopher Warner
A_810,Chrystia Freeland
A_811,Chrystina Russell
A_812,Chuck Murry
A_813,Chuck Nice
A_814,Chuck Plunkett
A_815,Cindy Gallop
A_816,Cindy J. Aaronson
A_817,Cindy Solomon
A_818,Cláudio Guerra
A_819,Cl√©ment Vidal
A_820,Claire Bowern
A_821,Claire Malone
A_822,Claire Simeone
A_823,Claire Wardle
A_824,Clara Sousa-Silva
A_825,Clarice Phelps
A_826,Claron McFadden
A_827,Claudia Aguirre
A_828,Claudia Miner
A_829,Clay Routledge
A_830,Clay Shirky
A_831,Clemantine Wamariya
A_832,Cleo Wade
A_833,Clifford Robbins
A_834,Clifford Stoll
A_835,Climate Action Tracker
A_836,Climbing PoeTree
A_837,Clint Smith
A_838,Clover Hogan
A_839,Coby Everton
A_840,Colette Pichon Battle
A_841,Colin Camerer
A_842,Colin Grant
A_843,Colin Powell
A_844,Colin Stokes
A_845,Colm Kelleher
A_846,Colombe Cahen-Salvador
A_847,Congrui Jin
A_848,Conor Heffernan
A_849,Conrad Wolfram
A_850,Constantine N. Vaporis
A_851,Conversations with People Who Hate Me
A_852,Corneille Ewango
A_853,Cornelia Geppert
A_854,Cory Combs
A_855,Cosmin Mihaiu
A_856,Countdown
A_857,Countdown
A_858,Countdown Summit
A_859,Courtney E. Martin
A_860,Courtney Stephens
A_861,Coya Paz Brownrigg
A_862,Craig A. Kohn
A_863,Craig Costello
A_864,Craig Silliman
A_865,Craig Venter
A_866,Cristin O'Keefe Aptowicz
A_867,Cristina Domenech
A_868,Crush Club
A_869,Crystal Martin
A_870,Crystal Rasmussen
A_871,"Curtis ""Wall Street"" Carroll"
A_872,Curtis Austin
A_873,Cynthia Breazeal
A_874,"Cynthia Erivo , Gary Motley"
A_875,Cynthia Kenyon
A_876,Cynthia Ma Shwe Sin Win
A_877,Cynthia Schneider
A_878,D-L Stewart
A_879,D√©bora Mesa Molina
A_880,Daan Roosegaarde
A_881,Daina Ramey Berry
A_882,Dale Dougherty
A_883,Dalia Mogahed
A_884,Dallas Taylor
A_885,Dambisa Moyo
A_886,Dame Ellen MacArthur
A_887,Dame Stephanie Shirley
A_888,Dame Vivian Hunt
A_889,Damian Palin
A_890,Damion Searls
A_891,Damon Brown
A_892,Damon Davis
A_893,Damon Horowitz
A_894,Dan Adams
A_895,Dan Ariely
A_896,Dan Barasch
A_897,Dan Barber
A_898,Dan Bell
A_899,Dan Berkenstock
A_900,Dan Bricklin
A_901,Dan Buettner
A_902,Dan Clay
A_903,Dan Cobley
A_904,Dan Dennett
A_905,Dan Finkel
A_906,Dan Gartenberg
A_907,Dan Gibson
A_908,Dan Gilbert
A_909,Dan Goods
A_910,Dan Gross
A_911,Dan J√∏rgensen
A_912,Dan Katz
A_913,"Dan Katz , Alex Rosenthal"
A_914,Dan Knights
A_915,Dan Kwartler
A_916,Dan Meyer
A_917,Dan Pacholke
A_918,Dan Pallotta
A_919,Dan Phillips
A_920,Dan Pink
A_921,Dan Reinstein
A_922,Dan Reisel
A_923,Dan Sayers
A_924,Dan Schulman
A_925,Dan Van der Vieren
A_926,Dan Walker
A_927,Dana Cowin
A_928,Dana Kanze
A_929,Danae Wolfe
A_930,Daniel Alexander Jones
A_931,Daniel Bogre Udell
A_932,Daniel Dulek
A_933,Daniel Engber
A_934,Daniel Finkel
A_935,Daniel Garrie
A_936,Daniel Goldstein
A_937,Daniel Goleman
A_938,Daniel H. Cohen
A_939,Daniel H. Pink
A_940,Daniel J. Watts
A_941,Daniel Kahneman
A_942,Daniel Kish
A_943,Daniel Kraft
A_944,Daniel Krawczyk
A_945,Daniel L. Schacter
A_946,Daniel Levitin
A_947,Daniel Libeskind
A_948,Daniel Lismore
A_949,Daniel M. Abrams
A_950,Daniel Molina
A_951,Daniel Pauly
A_952,Daniel Schnitzer
A_953,Daniel Sherling
A_954,"Daniel Sperling , Gil Tal"
A_955,Daniel Streicker
A_956,Daniel Suarez
A_957,Daniel Susskind
A_958,Daniel Tammet
A_959,Daniel Wolpert
A_960,Daniela Zamudio
A_961,Daniele Quercia
A_962,Danielle Allen
A_963,Danielle Citron
A_964,Danielle de Niese
A_965,Danielle Feinberg
A_966,Danielle N. Lee
A_967,Danielle R. Moss
A_968,Danielle Torley
A_969,Danielle Wood
A_970,Danit Peleg
A_971,Dannagal G. Young
A_972,Danny Dorling
A_973,Danny Hillis
A_974,Dao Nguyen
A_975,Daphne Bavelier
A_976,Daphne Koller
A_977,Daria van den Bercken
A_978,Darien Satterfield
A_979,Darieth Chisolm
A_980,Dario Gil
A_981,Darren Croft
A_982,Darren Walker
A_983,Darria Long
A_984,Darrick Hamilton
A_985,Dave Brain
A_986,"Dave Clark , Kara Hurst"
A_987,Dave deBronkart
A_988,Dave Eggers
A_989,Dave Isay
A_990,Dave Matthews
A_991,Dave Meslin
A_992,Dave Troy
A_993,David Agus
A_994,David Anderson
A_995,David Asch
A_996,David Autor
A_997,David Baker
A_998,David Baron
A_999,David Biello
A_1000,David Binder
A_1001,David Birch
A_1002,David Bismark
A_1003,David Blaine
A_1004,David Bolinsky
A_1005,David Brenner
A_1006,David Brooks
A_1007,David Burkus
A_1008,David Byrne
A_1009,"David Byrne , Ethel , Thomas Dolby"
A_1010,David Cage
A_1011,David Camarillo
A_1012,David Cameron
A_1013,David Carroll
A_1014,David Carson
A_1015,David Casarett
A_1016,David Chalmers
A_1017,David Christian
A_1018,David Damberger
A_1019,David Deutsch
A_1020,David Dunning
A_1021,David Eagleman
A_1022,David Epstein
A_1023,David Farrell
A_1024,David Fleischer
A_1025,David Gallo
A_1026,David Grady
A_1027,David Griffin
A_1028,David Gruber
A_1029,David Hanson
A_1030,David Heymann
A_1031,David Hoffman
A_1032,David Holt
A_1033,David Hooker
A_1034,David Ian Howe
A_1035,David Ikard
A_1036,David J. Bier
A_1037,David J. Malan
A_1038,David Katz
A_1039,David Keith
A_1040,David Kelley
A_1041,David Kessler
A_1042,David Korins
A_1043,David Kwong
A_1044,David L. Hu
A_1045,David Lammy
A_1046,David Lang
A_1047,David Lee
A_1048,David Lindell
A_1049,David Logan
A_1050,David Lunney
A_1051,David Macaulay
A_1052,David MacKay
A_1053,David McCandless
A_1054,David Merrill
A_1055,David Miliband
A_1056,David Perry
A_1057,David Peterson
A_1058,David Pizarro
A_1059,David Pogue
A_1060,David Puts
A_1061,David Puttnam
A_1062,David R. Dow
A_1063,David R. Liu
A_1064,David R. Williams
A_1065,David Rockwell
A_1066,David Rothkopf
A_1067,David S. Rose
A_1068,David Schwartz
A_1069,David Sedlak
A_1070,David Sengeh
A_1071,David Steindl-Rast
A_1072,David Titley
A_1073,David Wallace-Wells
A_1074,David Wenham
A_1075,David Whyte
A_1076,David Witzeneder
A_1077,David York
A_1078,Dawn Landes
A_1079,Dawn Lippert
A_1080,Dawn Maslar
A_1081,Dawn Wacek
A_1082,Dayananda Saraswati
A_1083,Dayo Ogunyemi
A_1084,Dean Furness
A_1085,Dean Kamen
A_1086,Dean Ornish
A_1087,DeAndrea Salvador
A_1088,Deanna Pucciarelli
A_1089,Deanna Van Buren
A_1090,Deb Roy
A_1091,"Deb Willis , Hank Willis Thomas"
A_1092,Debbie Lovich
A_1093,Debbie Millman
A_1094,Deborah Gordon
A_1095,Deborah Lipstadt
A_1096,Deborah Rhodes
A_1097,Deborah Scranton
A_1098,Debra Jarvis
A_1099,Dee Boersma
A_1100,Deepa Narayan
A_1101,Deepika Kurup
A_1102,Deeyah Khan
A_1103,Del Harvey
A_1104,Delali Bright
A_1105,Dena Simmons
A_1106,Denice Frohman
A_1107,Denis Dutton
A_1108,Denise Herzing
A_1109,Denise Zmekhol
A_1110,Dennis E. Shasha
A_1111,Dennis Hong
A_1112,Dennis Shasha
A_1113,Dennis vanEngelsdorp
A_1114,Dennis Wildfogel
A_1115,Densho
A_1116,Derek Abbott
A_1117,Derek Banta
A_1118,"Derek Paravicini , Adam Ockelford"
A_1119,Derek Sarno
A_1120,Derek Sivers
A_1121,Derren Brown
A_1122,Design Matters
A_1123,Design Matters with Debbie Millman
A_1124,Dessa
A_1125,Deutsche Philharmonie Merck
A_1126,Deval Patrick
A_1127,Devdutt Pattanaik
A_1128,Devin Shuman
A_1129,Devita Davison
A_1130,Dexter Dias
A_1131,Diébédo Francis Kéré
A_1132,Diana Dosik
A_1133,Diana Laufenberg
A_1134,Diana Nyad
A_1135,"Diana Reiss , Peter Gabriel , Neil Gershenfeld , Vint Cerf"
A_1136,Diane Allen
A_1137,Diane Benscoter
A_1138,Diane J. Rayor
A_1139,Diane J. Savino
A_1140,Diane Kelly
A_1141,Diane Knutson
A_1142,Diane Wolk-Rogers
A_1143,Dianna Cohen
A_1144,Dick M. Carpenter II
A_1145,Didier Sornette
A_1146,Diego Prilusky
A_1147,Dilip Ratha
A_1148,Dimitar Sasselov
A_1149,Dina Katabi
A_1150,Dina Zielinski
A_1151,Dixon Chibanda
A_1152,Djazia Satour
A_1153,DK Osseo-Asare
A_1154,Dolly Chugh
A_1155,Dolores Huerta
A_1156,Dominic Price
A_1157,Don Levy
A_1158,Don Norman
A_1159,Don Tapscott
A_1160,Donald Hoffman
A_1161,Donald Sadoway
A_1162,Dong Woo Jang
A_1163,Doreen Koenning
A_1164,Doris Kearns Goodwin
A_1165,Doris Kim Sung
A_1166,Dorothy Roberts
A_1167,Dorsa Amir
A_1168,Doug Levinson
A_1169,Doug MacKay
A_1170,Doug Roble
A_1171,Douglas Adams
A_1172,Douglas Beal
A_1173,Douglas J. Casa
A_1174,Douglas L. Oliver
A_1175,Douglas Rushkoff
A_1176,Douglas Thomas
A_1177,Dr. Bernice King
A_1178,Dr. Matt J. Carlson
A_1179,Dr. Natascha M. Santos
A_1180,Dr. Phillip Atiba Goff
A_1181,"Dr. Phillip Atiba Goff , Rashad Robinson , Dr. Bernice King , Anthony D. Romero"
A_1182,Dr. Robert Talisse
A_1183,Dr. Turi King
A_1184,Dragana Rogulja
A_1185,Dread Scott
A_1186,Drew Berry
A_1187,Drew Curtis
A_1188,Drew Dudley
A_1189,Drew Humphreys
A_1190,Drew Philp
A_1191,Drew Silverstein
A_1192,Dropbox
A_1193,Duarte Geraldino
A_1194,Duncan Cowles
A_1195,Dustin Burke
A_1196,Dustin Schroeder
A_1197,Dustin Tahmahkera
A_1198,Dustin Yellin
A_1199,Dwan Reece
A_1200,Dwight Stitt
A_1201,Dwinita Mosby Tyler
A_1202,Dyan deNapoli
A_1203,Dylan Marron
A_1204,E.O. Wilson
A_1205,Eames Demetrios
A_1206,Eben Bayer
A_1207,"Ebony Roberts , Shaka Senghor"
A_1208,Ed Boyden
A_1209,Ed Gavagan
A_1210,Ed Ulbrich
A_1211,Ed Yong
A_1212,Eddi Reader
A_1213,Eddie Jaku
A_1214,Eddie Obeng
A_1215,Eddie Woo
A_1216,Eddy Cartaya
A_1217,Eden Girma
A_1218,Edi Rama
A_1219,Edith Widder
A_1220,Edmond Hui
A_1221,Edsel Salva√±a
A_1222,Eduardo Brice√±o
A_1223,Eduardo Paes
A_1224,Eduardo Saenz de Cabezon
A_1225,Edward Burtynsky
A_1226,Edward Snowden
A_1227,Edward Tenner
A_1228,Edwidge Danticat
A_1229,Edwin Meyer
A_1230,Efosa Ojomo
A_1231,Einav Gefen
A_1232,Einav Zamir Dembin
A_1233,Einstein the Parrot
A_1234,eL Seed
A_1235,Elaine Fong
A_1236,Elaine Morgan
A_1237,Eldra Jackson
A_1238,Eldridge Adams
A_1239,Eleanor Longden
A_1240,Eleanor Nelsen
A_1241,Eleftheria Pissadaki
A_1242,Elena Chavez Quezada
A_1243,Eleni Gabre-Madhin
A_1244,"ELEW , Marcus Miller"
A_1245,Eli Beer
A_1246,Eli Pariser
A_1247,Elif Shafak
A_1248,Elijah Cummings
A_1249,Elisabeth Pierre
A_1250,Elise LeGrow
A_1251,Elise Payzan-LeNestour
A_1252,Elise Roy
A_1253,"Elizabeth ""Zibi"" Turtle"
A_1254,Elizabeth Blackburn
A_1255,Elizabeth Camarillo Gutierrez
A_1256,Elizabeth Cawein
A_1257,Elizabeth Cox
A_1258,Elizabeth Diller
A_1259,Elizabeth Dunn
A_1260,Elizabeth Gilbert
A_1261,Elizabeth Hellmuth Margulis
A_1262,Elizabeth Howell
A_1263,Elizabeth Leane
A_1264,Elizabeth Lesser
A_1265,Elizabeth Lev
A_1266,Elizabeth Lindsey
A_1267,Elizabeth Loftus
A_1268,Elizabeth Lyle
A_1269,Elizabeth Murchison
A_1270,Elizabeth Nyamayaro
A_1271,Elizabeth Pisani
A_1272,Elizabeth Stordeur Pryor
A_1273,Elizabeth Streb
A_1274,Elizabeth Waters
A_1275,Elizabeth Wayne
A_1276,Elizabeth White
A_1277,Elizabeth Zion
A_1278,Ella Al-Shamahi
A_1279,Ellen 't Hoen
A_1280,Ellen Agler
A_1281,Ellen Dunham-Jones
A_1282,Ellen Gustafson
A_1283,Ellen Jorgensen
A_1284,Elliot Krane
A_1285,Elon Musk
A_1286,Elora Hardy
A_1287,Elyn Saks
A_1288,Elyse Cox
A_1289,Eman Mohammed
A_1290,Emeli Sande
A_1291,Emilie Wapnick
A_1292,Emilie Weight
A_1293,Emily Anhalt
A_1294,Emily Balcetis
A_1295,Emily Dickinson
A_1296,Emily Esfahani Smith
A_1297,Emily F. Rothman
A_1298,Emily King
A_1299,Emily Leproust
A_1300,Emily Levesque
A_1301,Emily Levine
A_1302,Emily Nagoski
A_1303,"Emily Nagoski , Amelia Nagoski"
A_1304,Emily Oster
A_1305,Emily Parsons-Lord
A_1306,Emily Pilloton
A_1307,Emily Pilloton-Lam
A_1308,Emily Quinn
A_1309,Emily Zobel Marshall
A_1310,Emma Belcher
A_1311,Emma Bridgewater
A_1312,Emma Bryce
A_1313,Emma Lazarus
A_1314,Emma Marris
A_1315,Emma Rodero
A_1316,Emma Schachner
A_1317,Emma Teeling
A_1318,Emmanuel Jal
A_1319,Emmanuel Schanzer
A_1320,Emmett Shear
A_1321,Emtithal Mahmoud
A_1322,Enric Sala
A_1323,Enrico Ramirez-Ruiz
A_1324,Enrique Pe√±alosa
A_1325,Erez Garty
A_1326,Erez Yoeli
A_1327,Eric Berlow
A_1328,"Eric Berlow , Sean Gourley"
A_1329,Eric Berridge
A_1330,Eric Dishman
A_1331,Eric Dyer
A_1332,Eric Garcetti
A_1333,Eric Giler
A_1334,Eric Hinterman
A_1335,Eric Lewis
A_1336,Eric Liu
A_1337,Eric Mead
A_1338,Eric Mibuari
A_1339,Eric Sanderson
A_1340,Eric Sannerud
A_1341,Eric Topol
A_1342,Eric Whitacre
A_1343,Eric X. Li
A_1344,Eric Yuan
A_1345,Erica Frenkel
A_1346,Erica Joy Baker
A_1347,Erica Stone
A_1348,Erick Brethenoux
A_1349,Erick Wilberding
A_1350,Erik Brynjolfsson
A_1351,Erik Hersman
A_1352,Erik Johansson
A_1353,Erik Schlangen
A_1354,Erika Cheung
A_1355,Erika Debenedictis
A_1356,Erika Gregory
A_1357,Erika Hamden
A_1358,Erika Pinheiro
A_1359,Erin Baumgartner
A_1360,Erin Marie Saltman
A_1361,Erin McKean
A_1362,Erin Meezan
A_1363,Erin Sullivan
A_1364,Ernest Madu
A_1365,Ernestine Leikeki Sevidzem
A_1366,Ernesto Sirolli
A_1367,Erricka Bridgeford
A_1368,Es Devlin
A_1369,Esha Alwani
A_1370,Essam Daod
A_1371,Esta Soler
A_1372,Estelle Gibson
A_1373,Esther Choo
A_1374,Esther Duflo
A_1375,Esther Meduna
A_1376,Esther Ndichu
A_1377,Esther Perel
A_1378,Esther Sullivan
A_1379,Ethan Hawke
A_1380,Ethan Lindenberger
A_1381,Ethan Lisi
A_1382,Ethan Mann
A_1383,Ethan Nadelmann
A_1384,Ethan Zuckerman
A_1385,Ethel
A_1386,Eugenia Cheng
A_1387,Euna Lee
A_1388,Euvin Naidoo
A_1389,Eva Galperin
A_1390,Eva Vertes
A_1391,Eva Zeisel
A_1392,Eva-Maria Geigl
A_1393,Evan Grant
A_1394,Evan Williams
A_1395,Evan Zodl
A_1396,Eve Abrams
A_1397,Eve Ensler
A_1398,"Eve Gaus , Vanessa Ruiz"
A_1399,Eve Pearlman
A_1400,Evelyn Glennie
A_1401,Evgeny Morozov
A_1402,Ewandro Magalhaes
A_1403,Eythor Bender
A_1404,Fabian Hemmert
A_1405,Fabian Oefner
A_1406,Fabien Cousteau
A_1407,Fabio Pacucci
A_1408,"Fadi Chehade , Bryn Freedman"
A_1409,Fahad Al-Attiya
A_1410,Fahad Saeed
A_1411,Faith Jegede Cole
A_1412,Faith Osier
A_1413,Fang Ruan
A_1414,Far Flung
A_1415,Far Flung with Saleem Reshamwala
A_1416,Fareed Zakaria
A_1417,Farida Nabourema
A_1418,Farish Ahmad-Noor
A_1419,Farwiza Farhan
A_1420,Fatima AlZahra'a Alatraktchi
A_1421,Fawn Qiu
A_1422,Fay Bound Alberti
A_1423,Federica Bianco
A_1424,Fei-Fei Li
A_1425,Feisal Abdul Rauf
A_1426,"Felice Belle , Jennifer Murphy"
A_1427,Felix Dennis
A_1428,Feras Fayyad
A_1429,Fernanda Castillo
A_1430,Fernando Salem
A_1431,Fields Wicker-Miurin
A_1432,"Findlay Napier , Gillian Frame"
A_1433,Finn L√ºtzow-Holm Myrstad
A_1434,Fiona Radford
A_1435,Fiorenzo Omenetto
A_1436,First Aid Kit
A_1437,Flor de Toloache
A_1438,Florian Pinel
A_1439,Floyd E. Romesberg
A_1440,Fran√ßois Candelon
A_1441,Fran√ßoise Mouly
A_1442,France Villarta
A_1443,Frances Frei
A_1444,Frances Larson
A_1445,Francesca Simon-Carboni
A_1446,Francesco Sauro
A_1447,Francis Collins
A_1448,Francis de los Reyes
A_1449,Francisca Mutapi
A_1450,Francisco Diez-Buzo
A_1451,Francisco Samper
A_1452,Franco Sacchi
A_1453,Frank Gehry
A_1454,Frank Muller-Pierstorff
A_1455,Frank Warren
A_1456,Franklin Leonard
A_1457,Frans de Waal
A_1458,Frans Lanting
A_1459,Frans von der Dunk
A_1460,Franz Freudenthal
A_1461,Fred Jansen
A_1462,Fred Krupp
A_1463,Fred Swaniker
A_1464,Frederic Kaplan
A_1465,Frederick Balagadde
A_1466,Frederick Streeter Barrett
A_1467,Fredros Okumu
A_1468,Fredy Peccerelli
A_1469,Freeman Dyson
A_1470,Freeman H. Shen
A_1471,Freeman Hrabowski
A_1472,G. Willow Wilson
A_1473,G.T. Bynum
A_1474,"Gabby Giffords , Mark Kelly"
A_1475,Gabby Rivera
A_1476,Gabe Barcia-Colombo
A_1477,Gabe Zichermann
A_1478,Gabriel Barcia-Colombo
A_1479,Gabriel Heras
A_1480,Gabriel Prieto
A_1481,Gabriela Gonz√°lez
A_1482,Gabriela Roa
A_1483,Gabrielle Walker
A_1484,Gaby Barrios
A_1485,Gail Reed
A_1486,Gala Marija Vrbanic
A_1487,Galit Ariel
A_1488,Ganesh Pai
A_1489,Gangadhar Patil
A_1490,Gareth Gaskell
A_1491,Garik Israelian
A_1492,Garrett Lisi
A_1493,Garry Kasparov
A_1494,Garth Lenz
A_1495,Garth Sundem
A_1496,Gary Devore
A_1497,Gary Flake
A_1498,Gary Greenberg
A_1499,Gary Haugen
A_1500,Gary Kovacs
A_1501,Gary Lauder
A_1502,Gary Liu
A_1503,Gary Niekerk
A_1504,Gary Slutkin
A_1505,Gary Vaynerchuk
A_1506,Gary Wolf
A_1507,Gaspard Koenig
A_1508,Gast√≥n Acurio
A_1509,Gautam Bhan
A_1510,Gavin McCormick
A_1511,Gavin Pretor-Pinney
A_1512,Gavin Schmidt
A_1513,Gay Gordon-Byrne
A_1514,Gayathri Vasudevan
A_1515,Gayle Tzemach Lemmon
A_1516,Gbenga Sesan
A_1517,Ge Wang
A_1518,Geena Rocero
A_1519,Geert Chatrou
A_1520,Gemma Jackson
A_1521,Gene Luen Yang
A_1522,Genevieve Bell
A_1523,Genevieve von Petzinger
A_1524,Geoff Emberling
A_1525,Geoff Mulgan
A_1526,Geoffrey Canada
A_1527,Geoffrey West
A_1528,George Ayittey
A_1529,George Blair-West
A_1530,George Dyson
A_1531,George Monbiot
A_1532,George Papandreou
A_1533,"George Siedel , Christine Ladwig"
A_1534,George Smoot
A_1535,George Steinmetz
A_1536,George Takei
A_1537,George Tulevski
A_1538,George Whitesides
A_1539,George Zaidan
A_1540,"George Zaidan , Charles Morton"
A_1541,Georges C. Benjamin
A_1542,Georges Nzongola-Ntalaja
A_1543,Georgette Mulheir
A_1544,Geraldine Hamilton
A_1545,Gerard Ryle
A_1546,Gerd Gigerenzer
A_1547,German Santillan
A_1548,Gero Miesenboeck
A_1549,Gerry Wright
A_1550,Gever Tulley
A_1551,Ghada Wali
A_1552,Giada Gerboni
A_1553,Gian Giudice
A_1554,Gianluca Ambrosetti
A_1555,Gil Weinberg
A_1556,Gil Winch
A_1557,Gilad Bino
A_1558,Giles Duley
A_1559,Gill Hicks
A_1560,Gillian Gibb
A_1561,Gina Brillon
A_1562,Gina Cooke
A_1563,Giorgia Lupi
A_1564,Giulia Enders
A_1565,Glen Henry
A_1566,Glenn Cantave
A_1567,Glenn Greenwald
A_1568,Gloria Steinem
A_1569,Gokul Upadhyayula
A_1570,Golan Levin
A_1571,Gonzalo Vilariño
A_1572,Gordon Brown
A_1573,Gordon Hamilton
A_1574,Gowri Shankar
A_1575,Gregoire Courtine
A_1576,Grace Kim
A_1577,Grady Booch
A_1578,Graham Allison
A_1579,Graham Baird
A_1580,Graham Hawkes
A_1581,Graham Hill
A_1582,Graham Shaw
A_1583,Graham Worthy
A_1584,"Grantly Galland , Raiana McKinney"
A_1585,Greg Anderson
A_1586,Greg Asner
A_1587,Greg Gage
A_1588,Greg Lynn
A_1589,Greg Stone
A_1590,Gregg Garn
A_1591,Gregory Berns
A_1592,Gregory Heyworth
A_1593,Gregory Petsko
A_1594,Gregory Stock
A_1595,Greta Thunberg
A_1596,Gretchen Carlson
A_1597,"Gretchen Carlson , David Brooks"
A_1598,Guadalupe Nogues
A_1599,Guillaume N√©ry
A_1600,Gunjan Bhardwaj
A_1601,Gus Casely-Hayford
A_1602,"Gustavo Dudamel , the Teresa Carre√±o Youth Orchestra"
A_1603,Guy Harvey
A_1604,Guy Hoffman
A_1605,Guy Winch
A_1606,Guy-Philippe Goldstein
A_1607,Gwen Yi Wong
A_1608,Gwynne Shotwell
A_1609,H.E. Ellen Johnson Sirleaf
A_1610,"H√©l√®ne Morlon , Anna Papadopoulou"
A_1611,Haas&Hahn
A_1612,Haaziq Kazi
A_1613,Hadi Eldebek
A_1614,Hadyn Parry
A_1615,Hailey Hardcastle
A_1616,Haimanti Roy
A_1617,Hajer Sharief
A_1618,Haley Van Dyck
A_1619,Halima Aden
A_1620,Halla T√≥masd√≥ttir
A_1621,"Halla T√≥masd√≥ttir , Bryn Freedman"
A_1622,Hamdi Ulukaya
A_1623,Hamish Jolly
A_1624,Hanako Sawada
A_1625,Handspring Puppet Co.
A_1626,Hanna Rosin
A_1627,Hanna-Ilona Harmavaara
A_1628,Hannah Bürckstümmer
A_1629,Hannah Brencher
A_1630,Hannah Fry
A_1631,Hannah Gadsby
A_1632,"Hans , Ola Rosling"
A_1633,"Hans Block , Moritz Riesewieck"
A_1634,Hans Rosling
A_1635,Hany Farid
A_1636,Harald Eia
A_1637,Harald Haas
A_1638,Hari Nef
A_1639,Harish Manwani
A_1640,Harrison Scott Key
A_1641,Harry Baker
A_1642,Harry Cliff
A_1643,Harsha Bhogle
A_1644,Harvey Fineberg
A_1645,Hasan Elahi
A_1646,Hasan Kwame Jeffries
A_1647,Hasini Jayatilaka
A_1648,"Hawa Abdi , Deqo Mohamed"
A_1649,Hayley Levitt
A_1650,Hayley Yeates
A_1651,Heather Barnett
A_1652,Heather Brooke
A_1653,Heather C. McGhee
A_1654,Heather Knight
A_1655,Heather Lanier
A_1656,Heather Malyuk
A_1657,Heba Shaheed
A_1658,Hector Garcia
A_1659,Hector Lanz
A_1660,Hector Ruiz
A_1661,Heidi Boisvert
A_1662,Heidi Grant
A_1663,Heidi Larson
A_1664,Heidi M. Sosik
A_1665,Helder Guimaraes
A_1666,Helen Czerski
A_1667,"Helen Farr , Jon Adams"
A_1668,Helen Fisher
A_1669,Helen Gillet
A_1670,Helen M. Farrell
A_1671,Helen Marriage
A_1672,Helen Pearson
A_1673,Hendrik Poinar
A_1674,Henna-Maria Uusitupa
A_1675,Henrietta Fore
A_1676,"Henry Evans , Chad Jenkins"
A_1677,Henry Lin
A_1678,Henry Markram
A_1679,Herbie Hancock
A_1680,Heribert Watzke
A_1681,Herman Narula
A_1682,Herminia Ibarra
A_1683,Hern√°n Casciari
A_1684,Hetain Patel
A_1685,Hilary Cottam
A_1686,Hillel Cooperman
A_1687,Hindou Oumarou Ibrahim
A_1688,Hiromi Ozaki
A_1689,His Holiness Pope Francis
A_1690,His Holiness the Karmapa
A_1691,Hod Lipson
A_1692,Holley Moyes
A_1693,Holly Morris
A_1694,"Homaro Cantu , Ben Roche"
A_1695,Hongqiao Liu
A_1696,Honor Harger
A_1697,Hortensia Jim√©nez D√≠az
A_1698,How to Be a Better Human
A_1699,Howard C. Stevenson
A_1700,Howard Rheingold
A_1701,Howard Taylor
A_1702,Hrishikesh Hirway
A_1703,Hu Liang
A_1704,Huang Hung
A_1705,"Huang Yi , KUKA"
A_1706,Hubertus Knabe
A_1707,Hugh Evans
A_1708,Hugh Herr
A_1709,Hugo Mercier
A_1710,Hui-wen Sato
A_1711,Hyeonseo Lee
A_1712,Hyunsoo Joshua No
A_1713,Iain Hutchison
A_1714,Iain McGilchrist
A_1715,Ian Barnes
A_1716,Ian Bremmer
A_1717,Ian Dunbar
A_1718,Ian Firth
A_1719,Ian Goldin
A_1720,Ian Kerner
A_1721,Ian Ritchie
A_1722,Ian Strange
A_1723,Ibram X. Kendi
A_1724,Ik√© Ud√©
A_1725,Ilan Stavans
A_1726,Ilissa Ocko
A_1727,Ilona Stengel
A_1728,Ilona Szabó de Carvalho
A_1729,Imogen Heap
A_1730,Improv Everywhere
A_1731,IN-Q
A_1732,Ines Hercovich
A_1733,Inara George
A_1734,Indre Viskontas
A_1735,Inge Missmahl
A_1736,Ingrid Betancourt
A_1737,Ingrid Fetell Lee
A_1738,Inhi Cho Suh
A_1739,iO Tillett Wright
A_1740,Ioannis Papachimonas
A_1741,Ione Wells
A_1742,Ipsita Dasgupta
A_1743,Iqbal Quadir
A_1744,Irene Mora
A_1745,Irina Kareva
A_1746,Irma L. Olguin Jr.
A_1747,Irwin Redlener
A_1748,Isaac Lidsky
A_1749,Isaac Mizrahi
A_1750,Isabel Allende
A_1751,Isabel Behncke
A_1752,Isabel Wilkerson
A_1753,Isadora Kosofsky
A_1754,Ise Lyfe
A_1755,Iseult Gillespie
A_1756,Isha Datar
A_1757,Ishan Bhabha
A_1758,Ismael Nazario
A_1759,Itamar Mann
A_1760,Itay Talgam
A_1761,Ivan Coyote
A_1762,Ivan Krastev
A_1763,Ivan Oransky
A_1764,Ivan Poupyrev
A_1765,Ivonne Roman
A_1766,Iwan Baan
A_1767,Iyad Rahwan
A_1768,J. Marshall Shepherd
A_1769,J. V. Maranto
A_1770,J.D. Vance
A_1771,J.J. Abrams
A_1772,Jaap de Roode
A_1773,Jac de Haan
A_1774,Jacek Utko
A_1775,Jack Andraka
A_1776,Jack Choi
A_1777,Jack Conte
A_1778,Jack Dangermond
A_1779,Jack Dorsey
A_1780,Jack Horner
A_1781,Jack Levis
A_1782,Jack Sinclair
A_1783,Jackie Gartner-Schmidt
A_1784,Jackie Savitz
A_1785,Jackie Tabick
A_1786,Jackson Bird
A_1787,Jackson Browne
A_1788,Jackson Katz
A_1789,Jacob Collier
A_1790,Jacob Soboroff
A_1791,Jacqueline Novogratz
A_1792,Jacqueline Woodson
A_1793,Jacques S. Abramowicz
A_1794,Jacy Reese Anthis
A_1795,Jad Abumrad
A_1796,Jae Rhim Lee
A_1797,Jaime Lerner
A_1798,Jake Barton
A_1799,Jake Wood
A_1800,Jakob Magolan
A_1801,Jakob Trollback
A_1802,Jamais Cascio
A_1803,James A. Smith
A_1804,James A. White Sr.
A_1805,James B. Glattfelder
A_1806,James Balog
A_1807,James Beacham
A_1808,James Bickerton
A_1809,James Bridle
A_1810,James Burchfield
A_1811,James Cameron
A_1812,James Curleigh
A_1813,James Earle
A_1814,James Flynn
A_1815,James Forbes
A_1816,James Geary
A_1817,James Gillies
A_1818,James Green
A_1819,James Hansen
A_1820,James Howard Kunstler
A_1821,James K. Thornton
A_1822,James Keblas
A_1823,James Kozloski
A_1824,James Logan
A_1825,James Ludwig
A_1826,James Lyne
A_1827,James Nachtwey
A_1828,James Orsulak
A_1829,James Patten
A_1830,James Randi
A_1831,James Rhee
A_1832,James Stavridis
A_1833,James Surowiecki
A_1834,James Tanton
A_1835,James Watson
A_1836,James Zucker
A_1837,Jamie Bartlett
A_1838,Jamie C. Beard
A_1839,Jamie Drummond
A_1840,Jamie Heywood
A_1841,Jamie Oliver
A_1842,Jamie Paik
A_1843,Jamil Abu-Wardeh
A_1844,Jamil Zaki
A_1845,Jamila Gordon
A_1846,Jamila Lyiscott
A_1847,Jamila Raqib
A_1848,Jan Bill
A_1849,Jan Chipchase
A_1850,Jan Denecker
A_1851,Jan Rader
A_1852,Jan Stejskal
A_1853,Jane Chen
A_1854,Jane Fonda
A_1855,"Jane Fonda , Lily Tomlin"
A_1856,"Jane Fonda , Xiye Bastida"
A_1857,Jane Goodall
A_1858,Jane Hirshfield
A_1859,Jane McGonigal
A_1860,Jane Poynter
A_1861,Jane Velkovski
A_1862,Jane Walsh
A_1863,Janell Hobson
A_1864,Janelle Peters
A_1865,Janelle Shane
A_1866,Janet Echelman
A_1867,Janet Iwasa
A_1868,Janet Stovall
A_1869,Janette Sadik-Khan
A_1870,Janine Benyus
A_1871,Janine di Giovanni
A_1872,Janine Shepherd
A_1873,Janja Lalich
A_1874,Janna Levin
A_1875,Janne Willems
A_1876,Jared Diamond
A_1877,Jared Ficklin
A_1878,Jared Hill
A_1879,Jared Kleinert
A_1880,Jaron Lanier
A_1881,Jarrell Daniels
A_1882,Jarreth Merz
A_1883,Jarrett J. Krosoczka
A_1884,Jasmine Cho
A_1885,Jasmine Crowe
A_1886,Jason B. Rosenthal
A_1887,Jason Clay
A_1888,Jason deCaires Taylor
A_1889,Jason Fried
A_1890,Jason Jay
A_1891,Jason McCue
A_1892,Jason Pontin
A_1893,Jason Robert Jaffe
A_1894,Jason Shen
A_1895,Javed Akhtar
A_1896,Javier Olivares
A_1897,Jay Bradner
A_1898,Jay Cousins
A_1899,Jay Silver
A_1900,Jay Van Bavel
A_1901,Jay Walker
A_1902,JayaShri Maathaa
A_1903,JD Schramm
A_1904,Jean-Baptiste Michel
A_1905,"Jean-Baptiste Michel , Erez Lieberman Aiden"
A_1906,Jean-Baptiste P. Koehl
A_1907,Jean-Fran√ßois Bastin
A_1908,Jean-Manuel Izaret
A_1909,Jean-Paul Mari
A_1910,Jeanne Gang
A_1911,Jeanne Pinder
A_1912,Jeannette Garcia
A_1913,Jeannie Suk Gersen
A_1914,Jedidah Isler
A_1915,Jeff Bezos
A_1916,Jeff Dean
A_1917,Jeff Dekofsky
A_1918,Jeff Han
A_1919,Jeff Hancock
A_1920,Jeff Hawkins
A_1921,Jeff Iliff
A_1922,Jeff Kirschner
A_1923,Jeff Kozak
A_1924,"Jeff Leek , Lucy McGowan"
A_1925,Jeff Skoll
A_1926,Jeff Smith
A_1927,Jeff Speck
A_1928,Jeff Steers
A_1929,Jeffrey A. Lockwood
A_1930,Jeffrey Brown
A_1931,Jeffrey Kluger
A_1932,Jeffrey Siegel
A_1933,Jehane Noujaim
A_1934,Jen Gunter
A_1935,Jenna C. Lester
A_1936,Jenna McCarthy
A_1937,Jenna Schilstra
A_1938,Jenna Weiner
A_1939,"Jenni Chang , Lisa Dazols"
A_1940,Jennifer 8. Lee
A_1941,"Jennifer Aaker , Naomi Bagdonas"
A_1942,Jennifer Allison
A_1943,Jennifer B. Nuzzo
A_1944,Jennifer Brea
A_1945,Jennifer Doudna
A_1946,Jennifer Golbeck
A_1947,Jennifer Granholm
A_1948,Jennifer Granick
A_1949,Jennifer Healey
A_1950,Jennifer Kahn
A_1951,Jennifer L. Eberhardt
A_1952,Jennifer Lin
A_1953,Jennifer Lu
A_1954,Jennifer Pahlka
A_1955,Jennifer Petriglieri
A_1956,Jennifer Pluznick
A_1957,Jennifer Senior
A_1958,Jennifer Vail
A_1959,Jennifer Verduin
A_1960,Jennifer Wilcox
A_1961,Jennifer Zhu Scott
A_1962,"Jenny Scheinman , Nels Cline , Todd Sickafoose"
A_1963,Jens Burchardt
A_1964,Jer Thorp
A_1965,Jeremy Brewer
A_1966,Jeremy Forbes
A_1967,Jeremy Gilley
A_1968,Jeremy Heimans
A_1969,Jeremy Howard
A_1970,Jeremy Jackson
A_1971,Jeremy Kasdin
A_1972,Jeremy Rifkin
A_1973,Jerome Kim
A_1974,Jerry Chow
A_1975,"Jesper Brodin , Pia Heidenmark Cook"
A_1976,Jess Kutch
A_1977,Jess Thom
A_1978,Jessa Gamble
A_1979,Jesse Byock
A_1980,Jesse Schell
A_1981,Jessi Arrington
A_1982,Jessica Donohue
A_1983,Jessica Garza
A_1984,Jessica Green
A_1985,"Jessica Green , Karen Guillemin"
A_1986,Jessica Jackley
A_1987,Jessica Kerr
A_1988,Jessica Ladd
A_1989,Jessica McCabe
A_1990,Jessica Ochoa Hendrix
A_1991,"Jessica Oreck , Rachael Teel"
A_1992,Jessica Pryce
A_1993,Jessica Shortall
A_1994,Jessica Smith
A_1995,Jessy Kate Schingler
A_1996,Ji-Hae Park
A_1997,Jia Jiang
A_1998,Jiabao Li
A_1999,Jill Bolte Taylor
A_2000,Jill Dash
A_2001,Jill Farrant
A_2002,Jill Heinerth
A_2003,Jill Seubert
A_2004,Jill Shargaa
A_2005,Jill Sobule
A_2006,"Jill Sobule , Julia Sweeney"
A_2007,Jill Tarter
A_2008,Jim Al-Khalili
A_2009,Jim Chuchu
A_2010,Jim Collins
A_2011,Jim Fallon
A_2012,Jim Hagemann Snabe
A_2013,Jim Hemerling
A_2014,Jim Holt
A_2015,Jim Hudspeth
A_2016,Jim Simons
A_2017,Jim Tamm
A_2018,Jim Toomey
A_2019,Jim Whitehurst
A_2020,Jim Yong Kim
A_2021,Jimmy Carter
A_2022,Jimmy Lin
A_2023,Jimmy Nelson
A_2024,Jimmy Wales
A_2025,Jinha Lee
A_2026,Jinsop Lee
A_2027,JK Rowling
A_2028,Jo Michael Rezes
A_2029,Joachim de Posada
A_2030,Joachim Horn
A_2031,Joan As Police Woman
A_2032,"Joan Blades , John Gable"
A_2033,Joan C. Williams
A_2034,Joan Halifax
A_2035,JoAnn Kuchera-Morin
A_2036,Joanne Chory
A_2037,JoAnne S. Bass
A_2038,Joao Pedro de Magalhaes
A_2039,Jocelyne Bloch
A_2040,Jochen Wegner
A_2041,Jodi-Ann Burey
A_2042,Jodie Houlston-Lau
A_2043,Jody Williams
A_2044,Joe Davis
A_2045,Joe DeRisi
A_2046,Joe Gebbia
A_2047,Joe Kowan
A_2048,Joe Landolina
A_2049,Joe Lassiter
A_2050,Joe Madiath
A_2051,Joe Sabia
A_2052,Joe Smith
A_2053,Joe von Fischer
A_2054,Joel Burns
A_2055,Joel Jackson
A_2056,Joel Leon
A_2057,Joel Levine
A_2058,Joel Selanikio
A_2059,Joelle Rabow Maletis
A_2060,Joey Alexander
A_2061,Johan Rockstr√∂m
A_2062,Johann Hari
A_2063,Johanna Benesty
A_2064,Johanna Blakley
A_2065,Johanna Figueira
A_2066,John Amory
A_2067,John Bidden
A_2068,John Biewen
A_2069,John Bohannon
A_2070,John Bolton
A_2071,John Brenkus
A_2072,"John C. Moore , Eric Berlow"
A_2073,John C. Trimble
A_2074,John Cameron
A_2075,John Cary
A_2076,John Delaney
A_2077,John Doerr
A_2078,"John Doerr , Hal Harvey"
A_2079,"John Doerr , Ryan Panchadsaram"
A_2080,John Francis
A_2081,John Gerzema
A_2082,John Graham-Cumming
A_2083,John Green
A_2084,John Hardy
A_2085,John Hockenberry
A_2086,John Hodgman
A_2087,John Hunter
A_2088,John Kasaona
A_2089,"John Kerry , Al Gore"
A_2090,John Kitching
A_2091,John Kluge Jr.
A_2092,John Koenig
A_2093,John La Grou
A_2094,John Legend
A_2095,"John Lewis , Bryan Stevenson"
A_2096,John Lloyd
A_2097,John Maeda
A_2098,John Marshall
A_2099,John McKown
A_2100,John McWhorter
A_2101,John O'Leary
A_2102,John Q. Walker
A_2103,John Sabraw
A_2104,John Searle
A_2105,John Soluri
A_2106,John Underkoffler
A_2107,John Varney
A_2108,John Wilbanks
A_2109,John Wooden
A_2110,Johnny Lee
A_2111,Johnny Staats
A_2112,"Johnny Staats , Davey Vaughn"
A_2113,Joi Ito
A_2114,Joia Mukherjee
A_2115,Jok Church
A_2116,Jon Bergmann
A_2117,"Jon Boogz , Lil Buck"
A_2118,Jon Bowers
A_2119,Jon Gosier
A_2120,Jon Gray
A_2121,Jon Lowenstein
A_2122,Jon M. Chu
A_2123,Jon Mooallem
A_2124,Jon Nguyen
A_2125,Jon Ronson
A_2126,Jonas Eliasson
A_2127,Jonas Gahr Store
A_2128,Jonathan Butterworth
A_2129,Jonathan Drori
A_2130,Jonathan Eisen
A_2131,Jonathan Foley
A_2132,Jonathan Haidt
A_2133,Jonathan Harris
A_2134,"Jonathan J. O'Sullivan , Grace E. Cunningham"
A_2135,Jonathan Klein
A_2136,Jonathan Koch
A_2137,Jonathan Marks
A_2138,Jonathan Rossiter
A_2139,Jonathan Smith
A_2140,Jonathan Tepperman
A_2141,Jonathan Trent
A_2142,Jonathan Wilker
A_2143,Jonathan Zittrain
A_2144,Jonny Sun
A_2145,Jordan Raskopoulos
A_2146,Jordan Wirfs-Brock
A_2147,Jordana Moore Saggese
A_2148,Jordyn Wieber
A_2149,Jorge Drexler
A_2150,Jorge Ma√±es Rubio
A_2151,Jorge Ramos
A_2152,Jorge Soto
A_2153,Jos√© Am√©ricano N L F de Freitas
A_2154,Jos√© Andr√©s
A_2155,Jose Antonio Abreu
A_2156,Jos√© Bowen
A_2157,Jose Antonio Vargas
A_2158,Jose Miguel Sokoloff
A_2159,Joseph DeSimone
A_2160,Joseph Goffman
A_2161,Joseph Gordon-Levitt
A_2162,Joseph Isaac
A_2163,Joseph Kim
A_2164,Joseph Lekuton
A_2165,Joseph McGill
A_2166,Joseph Nye
A_2167,Joseph Pine
A_2168,Joseph Ravenell
A_2169,Joseph Redmon
A_2170,Joseph Shin
A_2171,Josette Sheeran
A_2172,Josh Giegel
A_2173,Josh Luber
A_2174,Josh Samani
A_2175,Joshua Chu-Tan
A_2176,Joshua Foer
A_2177,Joshua Harvey
A_2178,Joshua Klein
A_2179,Joshua Prager
A_2180,Joshua Prince-Ramus
A_2181,Joshua Silver
A_2182,Joshua Smith
A_2183,Joshua W. Pate
A_2184,Joshua Walters
A_2185,Jota Samper
A_2186,Joy Buolamwini
A_2187,Joy Lin
A_2188,Joy Sun
A_2189,Joy Wolfram
A_2190,JP Rangaswami
A_2191,JR
A_2192,JR
A_2193,Juan Enriquez
A_2194,Juan López-Aranguren
A_2195,Juan Pablo Saez Gil
A_2196,Judd A. Schorr
A_2197,Jude Kelly
A_2198,Judith Heumann
A_2199,"Judith Jamison , members of the Alvin Ailey American Dance Theater"
A_2200,Judson Brewer
A_2201,Judy Brewer
A_2202,Judy Cebra-Thomas
A_2203,Judy Grisel
A_2204,Judy MacDonald Johnston
A_2205,Julia Bacha
A_2206,Julia Dhar
A_2207,Julia Espinosa
A_2208,Julia Galef
A_2209,"Julia Gillard , Ngozi Okonjo-Iweala"
A_2210,Julia Kloiber
A_2211,Julia Shaw
A_2212,Julia Sweeney
A_2213,Julia Watson
A_2214,Julian Assange
A_2215,Julian Baggini
A_2216,Julian Burschka
A_2217,Julian Treasure
A_2218,Juliana Delgado Lopera
A_2219,Juliana Machado Ferreira
A_2220,Juliana Rotich
A_2221,Juliane Gallina
A_2222,Julie Burstein
A_2223,Julie Chang
A_2224,Julie Cordua
A_2225,Julie Lythcott-Haims
A_2226,Julie Taymor
A_2227,Juliet Brophy
A_2228,Julio Gil
A_2229,Julissa Prado
A_2230,Julius Maada Bio
A_2231,Jun Wang
A_2232,Juna Kollmeier
A_2233,June Tangney
A_2234,Juniper Fitzgerald
A_2235,Juno Mac
A_2236,Justin Baldoni
A_2237,Justin Davidson
A_2238,Justin Hall-Tipping
A_2239,Justin Schmidt
A_2240,K. Erica Dodge
A_2241,Kade Crockford
A_2242,Kaeli Swift
A_2243,Kai-Fu Lee
A_2244,"Kai-Fu Lee , Chen Qiufan"
A_2245,Kailash Satyarthi
A_2246,Kaitlyn Sadtler
A_2247,"Kaitlyn Sadtler , Elizabeth Wayne"
A_2248,"Kaitlyn Sadtler , Heather J. Faust"
A_2249,Kakenya Ntaiya
A_2250,Kaki King
A_2251,Kala Fleming
A_2252,Kalika Bali
A_2253,Kamal Meattle
A_2254,Kamau Gachigi
A_2255,Kanawat Senanan
A_2256,Kandice Sumner
A_2257,Kang Lee
A_2258,Kara Logan Berlin
A_2259,Karalee Close
A_2260,Kare Anderson
A_2261,Kareem Yusuf
A_2262,Karen Armstrong
A_2263,Karen Bass
A_2264,Karen D. Davis
A_2265,Karen DeSalvo
A_2266,Karen Eber
A_2267,Karen J. Meech
A_2268,Karen L. Cox
A_2269,Karen Lellouche Tordjman
A_2270,Karen Lloyd
A_2271,Karen Scrivener
A_2272,Karen Thompson Walker
A_2273,Karen Tse
A_2274,Karim Abouelnaga
A_2275,Karima Bennoune
A_2276,Karin √ñberg
A_2277,Karin Nilsdotter
A_2278,Karina Galperin
A_2279,Karissa Sanbonmatsu
A_2280,Karl Skjonnemand
A_2281,Karla Souza
A_2282,Karoli Hindriks
A_2283,Karoliina Korppoo
A_2284,Kartick Satyanarayan
A_2285,Kary Mullis
A_2286,Kasha Patel
A_2287,Kashfia Rahman
A_2288,"Kashmir Hill , Surya Mattu"
A_2289,Kasiva Mutua
A_2290,Kate Adams
A_2291,Kate Bowler
A_2292,Kate Darling
A_2293,Kate E. Brandt
A_2294,Kate Gardoqui
A_2295,Kate Hartman
A_2296,Kate Lister
A_2297,Kate Marvel
A_2298,Kate Messner
A_2299,Kate Orff
A_2300,Kate Raworth
A_2301,Kate Slabosky
A_2302,Kate Stafford
A_2303,Kate Stone
A_2304,Kate Wagner
A_2305,Katerina Kaouri
A_2306,Katharine Hayhoe
A_2307,Katharine Wilkinson
A_2308,Katherine Eban
A_2309,Katherine Fulton
A_2310,Katherine Hampsten
A_2311,Katherine Kuchenbecker
A_2312,Katherine Lucas
A_2313,Katherine M. Gehl
A_2314,Kathryn A. Whitehead
A_2315,Kathryn Bouskill
A_2316,Kathryn Kolbert
A_2317,Kathryn Schulz
A_2318,Kathy Hannun
A_2319,Kathy Hull
A_2320,Kathy Kleiman
A_2321,Kathy Mendias
A_2322,Kathy Vinokurov
A_2323,Katie Bouman
A_2324,Katie Francfort
A_2325,Katie Hinde
A_2326,Katie Hood
A_2327,Katie Mack
A_2328,Katie McGinty
A_2329,Katie Paterson
A_2330,Katlego Kolanyane-Kesupile
A_2331,Katrina Spade
A_2332,Kaustav Dey
A_2333,Kavita Ramdas
A_2334,Kay Almere Read
A_2335,Kay M. Tye
A_2336,Kay Read
A_2337,Kayla Bri√´t
A_2338,Kayla Mandel Sheets
A_2339,Kayla Wolf
A_2340,Kayvon Tehranian
A_2341,Kaz
A_2342,Kedra Newsom Reeves
A_2343,Kees Moeliker
A_2344,Keiichiro Hirano
A_2345,Keith Barry
A_2346,Keith Bellows
A_2347,Keith Chen
A_2348,Keith Eggener
A_2349,Keith Kirkland
A_2350,Keith Lowe
A_2351,Keith Nolan
A_2352,Keith Payne
A_2353,Keith Weed
A_2354,Keller Rinaudo
A_2355,Kelli Anderson
A_2356,Kelli Jean Drinkwater
A_2357,Kelli Sandman-Hurley
A_2358,Kelli Swazey
A_2359,Kelly Lepley
A_2360,Kelly McGonigal
A_2361,Kelly Richmond Pope
A_2362,Kelly Wanser
A_2363,Kelsey Johnson
A_2364,Kelsey Leonard
A_2365,Kemi DaSilva-Ibru
A_2366,Ken Goldberg
A_2367,Ken Jennings
A_2368,Ken Kamler
A_2369,Kendall Spencer
A_2370,Kenichi Ebina
A_2371,Kenneth C. Davis
A_2372,Kenneth Cukier
A_2373,Kenneth Lacovara
A_2374,Kenneth Shinozuka
A_2375,Kenny Coogan
A_2376,Kent Larson
A_2377,Keolu Fox
A_2378,Keren Elazari
A_2379,Kesha
A_2380,Kevin Allocca
A_2381,Kevin B. Jones
A_2382,Kevin Bales
A_2383,Kevin Bethune
A_2384,Kevin Breel
A_2385,Kevin Briggs
A_2386,Kevin Etter
A_2387,Kevin J. Krizek
A_2388,Kevin Kelly
A_2389,Kevin Njabo
A_2390,Kevin Roose
A_2391,Kevin Rudd
A_2392,Kevin Slavin
A_2393,Kevin Stone
A_2394,Kevin Surace
A_2395,Kevin Toolis
A_2396,Khadija Gbla
A_2397,Khadijah Tribble
A_2398,Khalida Brohi
A_2399,Khalil Ramadi
A_2400,Khulan Batkhuyag
A_2401,Kiah Williams
A_2402,Kid Cudi
A_2403,Kid President
A_2404,Kim Gorgens
A_2405,Kim Preshoff
A_2406,"Kim Scott , Trier Bryant"
A_2407,Kim Stanley Robinson
A_2408,"Kimberlé Crenshaw , Abby Dobson"
A_2409,Kimberley Motley
A_2410,Kimberly Noble
A_2411,Kimberose
A_2412,Kings Floyd
A_2413,Kio Stark
A_2414,Kiran Bedi
A_2415,Kiran Mazumdar-Shaw
A_2416,Kiran Sethi
A_2417,Kirby Ferguson
A_2418,Kirk Citron
A_2419,Kirk Sorensen
A_2420,Kirsten Hall
A_2421,Kirsti Abbott
A_2422,Kirsty Duncan
A_2423,Kishore Mahbubani
A_2424,Kitra Cahana
A_2425,Klaus Stadlmann
A_2426,Kluane Adamek
A_2427,Knut Haanaes
A_2428,Knut Ivar Bjørlykhaug
A_2429,Kola Masha
A_2430,Kostas Karpouzis
A_2431,Kotchakorn Voraakhom
A_2432,Krishna Sudhir
A_2433,Krista Donaldson
A_2434,Krista Tippett
A_2435,Kristalina Georgieva
A_2436,Kristen Ashburn
A_2437,"Kristen Bell , Giant Ant"
A_2438,Kristen Marhaver
A_2439,Kristen Wenz
A_2440,Kristi Rogers
A_2441,Kristie Ebi
A_2442,Kristie Overstreet
A_2443,"Kristiina J. Hurme , Alejandro Rico-Guevara"
A_2444,Kristin Jones
A_2445,Kristin Poinar
A_2446,Kristina Gjerde
A_2447,Kristine Tompkins
A_2448,Kriti Sharma
A_2449,Krystian Aparta
A_2450,Kwabena Boahen
A_2451,Kwame Anthony Appiah
A_2452,Kwame Owusu-Kesse
A_2453,Kyle Quinn
A_2454,Kym Worthy
A_2455,Kyra Gaunt
A_2456,L√Ωdia Machov√°
A_2457,LADAMA
A_2458,Lakshmi Pratury
A_2459,Lalitesh Katragadda
A_2460,Lana Mazahreh
A_2461,Lana Yarosh
A_2462,Laolu Senbanjo
A_2463,Lara Durgavich
A_2464,Lara Maiklem
A_2465,Lara Setrakian
A_2466,Larry Brilliant
A_2467,Larry Burns
A_2468,Larry Irvin
A_2469,Larry Lagerstrom
A_2470,Larry Page
A_2471,Larry Smith
A_2472,Lars Brownworth
A_2473,Lars F√¶ste
A_2474,Lars J√∂nsson
A_2475,Latif Nasser
A_2476,LaToya Ruby Frazier
A_2477,Laura Bates
A_2478,Laura Boushnak
A_2479,Laura Boykin
A_2480,Laura Carstensen
A_2481,Laura Fox
A_2482,Laura Galante
A_2483,Laura Indolfi
A_2484,Laura L. Dunn
A_2485,Laura Lane
A_2486,Laura Robinson
A_2487,Laura Rovner
A_2488,Laura Schulz
A_2489,Laura Snyder
A_2490,Laura Tenenbaum
A_2491,Laura Trice
A_2492,Laura Vanderkam
A_2493,Laura Wright
A_2494,Laurel Braitman
A_2495,Lauren Esposito
A_2496,"Lauren Hodge , Shree Bose , Naomi Shah"
A_2497,Lauren Pharr
A_2498,Lauren Sallan
A_2499,Lauren Zalaznick
A_2500,Laurence Hurst
A_2501,Laurie Garrett
A_2502,Laurie Santos
A_2503,Lawrence Lessig
A_2504,Laxmi Parida
A_2505,LB Hannahs
A_2506,Lea Gaslowitz
A_2507,Leah Buechley
A_2508,"Leah Chase , Pat Mitchell"
A_2509,Leah Garces
A_2510,Leah Georges
A_2511,"Leah Lagos , Jaspal Ricky Singh"
A_2512,Leana Wen
A_2513,Lee Cronin
A_2514,Lee Hotz
A_2515,Lee Mokobe
A_2516,Lee Smolin
A_2517,Lee Thomas
A_2518,LeeAnn Renninger
A_2519,Lei Li
A_2520,Leila Hoteit
A_2521,Leila Pirhaji
A_2522,Leila Seth
A_2523,Leila Takayama
A_2524,Leland Melvin
A_2525,Lemn Sissay
A_2526,Lemon Andersen
A_2527,Lena Dumont
A_2528,Lennart Green
A_2529,Leo Igwe
A_2530,Leo Q. Wan
A_2531,Leon Marchal
A_2532,Leonard Susskind
A_2533,Leonora Neville
A_2534,Leor Weinberger
A_2535,Lera Boroditsky
A_2536,Lesley Hazleton
A_2537,Leslie Dodson
A_2538,Leslie Herod
A_2539,Leslie Kenna
A_2540,Leslie Morgan Steiner
A_2541,Leslie Perlow
A_2542,Leslie T. Chang
A_2543,Let It Happen
A_2544,Leticia Gasca
A_2545,Levon Biss
A_2546,Lewis Carroll
A_2547,Lewis Pugh
A_2548,Leyla Acaroglu
A_2549,Leymah Gbowee
A_2550,Li Wei Tan
A_2551,Li-Huei Tsai
A_2552,Liam Young
A_2553,Lian Pin Koh
A_2554,Lidia Yuknavitch
A_2555,Liene Ozoli≈Üa
A_2556,Lieven Scheire
A_2557,Lili Haydn
A_2558,Lillian Faderman
A_2559,Lina Marieth Hoyos
A_2560,Linda Cliatt-Wayman
A_2561,Linda Hill
A_2562,Linda Liukas
A_2563,Linda Zhang
A_2564,Lindiwe Mazibuko
A_2565,Lindsay Amer
A_2566,Lindsay Malloy
A_2567,Lindsay Morcom
A_2568,Lindy Lou Isonhood
A_2569,Linus Torvalds
A_2570,Lisa Bu
A_2571,Lisa Dyson
A_2572,Lisa Feldman Barrett
A_2573,Lisa Gansky
A_2574,Lisa Genova
A_2575,Lisa Godwin
A_2576,Lisa Harouni
A_2577,"Lisa Jackson , Liz Ogbu"
A_2578,Lisa Janae Bacon
A_2579,Lisa Krause
A_2580,Lisa Kristine
A_2581,Lisa Margonelli
A_2582,Lisa Mosconi
A_2583,Lisa Nip
A_2584,Lisa Seacat DeLuca
A_2585,Lisa Winer
A_2586,Lisa-Marie Johnston
A_2587,Liu Bolin
A_2588,Liu Thai Ker
A_2589,Liv Boeree
A_2590,Liz Coleman
A_2591,Liz Diller
A_2592,Liz Fosslien
A_2593,Liz Hajek
A_2594,Liz Kleinrock
A_2595,Liz Ogbu
A_2596,Liz Powers
A_2597,Liza Donnelly
A_2598,Lizzie Vel√°squez
A_2599,Lizzo
A_2600,Lloyd Pendleton
A_2601,Lloyd Treinish
A_2602,Lord Nicholas Stern
A_2603,Lorenzo Garcia-Amaya
A_2604,Loretta J. Ross
A_2605,Loretta Napoleoni
A_2606,Lori Gottlieb
A_2607,Lorie Wigle
A_2608,Lorin Swint Matthews
A_2609,Lorna Davis
A_2610,Lorrie Faith Cranor
A_2611,Lou Serico
A_2612,Louie Schwartzberg
A_2613,Louise Fresco
A_2614,Louise Leakey
A_2615,Luc de Brabandere
A_2616,Luca Turin
A_2617,Lucas C. Majure
A_2618,Lucas Husted
A_2619,Lucas Joppa
A_2620,Lucas Raspall
A_2621,Lucianne Walkowicz
A_2622,Lucien Engelen
A_2623,Lucius
A_2624,Lucy Clayton
A_2625,Lucy Cooke
A_2626,Lucy Farey-Jones
A_2627,Lucy Hone
A_2628,Lucy Kalanithi
A_2629,Lucy King
A_2630,Lucy Marcil
A_2631,Lucy McRae
A_2632,Ludwick Marishane
A_2633,Luhan Yang
A_2634,Luis H. Zayas
A_2635,Luis von Ahn
A_2636,Luis Zambrano
A_2637,Luisa Neubauer
A_2638,Luka Seamus Wright
A_2639,"Luka Seamus Wright , Imogen Ellen Napper"
A_2640,Lukas Rieppel
A_2641,Luke Sital-Singh
A_2642,Luke Syson
A_2643,Luma Mufleh
A_2644,Luvvie Ajayi Jones
A_2645,Lux Narayan
A_2646,Lynn Rothschild
A_2647,Lynne Elvins
A_2648,Lyra McKee
A_2649,LZ Granderson
A_2650,M Jackson
A_2651,M√≥nica Ram√≠rez
A_2652,Ma Jun
A_2653,Ma Yansong
A_2654,Maajid Nawaz
A_2655,Mac Barnett
A_2656,Mac Stone
A_2657,Macinley Butson
A_2658,Mackenzie Dalrymple
A_2659,Madame Gandhi
A_2660,"Madame Gandhi , Amber Galloway-Gallego"
A_2661,Madeleine Albright
A_2662,Madhavi Venkatesan
A_2663,Madhumita Murgia
A_2664,Madison McFerrin
A_2665,Mads Tang-Christensen
A_2666,Mae Jemison
A_2667,Maeve Higgins
A_2668,Magatte Wade
A_2669,Magda Sayeg
A_2670,Magnus Larsson
A_2671,Mahendra Singhi
A_2672,Mahir Can kucuk
A_2673,Mai Lan
A_2674,Mainak Mazumdar
A_2675,Maira Kalman
A_2676,Maisie Williams
A_2677,Majd Mashharawi
A_2678,MaJiKer
A_2679,Majora Carter
A_2680,Makhtoum Abdalla
A_2681,Makiko Eda
A_2682,Malala Yousafzai
A_2683,Malcolm Gladwell
A_2684,Malcolm London
A_2685,Malcolm McLaren
A_2686,Malika Whitley
A_2687,Mallika Sarabhai
A_2688,Mallory Freeman
A_2689,Malte Spitz
A_2690,Manal al-Sharif
A_2691,Manav Subodh
A_2692,Mand√´ Holford
A_2693,Mandy Len Catron
A_2694,Mani Vajipey
A_2695,Manoush Zomorodi
A_2696,Manu Prakash
A_2697,Manuel Lima
A_2698,Manwar Ali
A_2699,Mar√≠a Neira
A_2700,Mar√≠a Teresa Kumar
A_2701,Mara Mintzer
A_2702,Marah J. Hardt
A_2703,Marc Abrahams
A_2704,Marc Bamuthi Joseph
A_2705,Marc Fagelson
A_2706,Marc Goodman
A_2707,Marc Koska
A_2708,Marc Kushner
A_2709,Marc Pachter
A_2710,Marc Raibert
A_2711,Marcel Dicke
A_2712,Marcelo Mena
A_2713,Marcin Jakubowski
A_2714,Marco A. Sotomayor
A_2715,Marco Alver√†
A_2716,Marco Annunziata
A_2717,Marco Tempest
A_2718,Marcos Aguiar
A_2719,Marcus Adrian
A_2720,Marcus Bullock
A_2721,Marcus Byrne
A_2722,Marcus du Sautoy
A_2723,Margaret Bourdeaux
A_2724,Margaret Gould Stewart
A_2725,Margaret Heffernan
A_2726,Margaret Mitchell
A_2727,Margaret Morris
A_2728,Margaret Wertheim
A_2729,Margrethe Vestager
A_2730,Maria Bezaitis
A_2731,Maria Dubovitskaya
A_2732,Maria Golubeva
A_2733,Maria Popova
A_2734,Maria Van Kerkhove
A_2735,Marian Bantjes
A_2736,Marian Wright Edelman
A_2737,Mariana Atencio
A_2738,Mariana Lin
A_2739,Mariana Mazzucato
A_2740,Marianne Schwarz
A_2741,Mariano Sigman
A_2742,"Mariano Sigman , Dan Ariely"
A_2743,Marie Brodsky
A_2744,Marie Howe
A_2745,Marie Wallace
A_2746,Marily Oppezzo
A_2747,Marilyn Waring
A_2748,Marina Abramoviƒá
A_2749,Mario Paluzzi
A_2750,Marisa Fick-Jordan
A_2751,Marjan van Aubel
A_2752,"Marjee Chmiel , Trevor Owens"
A_2753,Mark Applebaum
A_2754,Mark Bezos
A_2755,Mark Bittman
A_2756,Mark Changizi
A_2757,Mark Forsyth
A_2758,Mark Halliday
A_2759,Mark Jackson
A_2760,Mark Kendall
A_2761,Mark Liddell
A_2762,Mark Lytle
A_2763,Mark Modesti
A_2764,Mark Pagel
A_2765,Mark Plotkin
A_2766,"Mark Pollock , Simone George"
A_2767,Mark Raymond
A_2768,Mark Robinson
A_2769,"Mark Robinson , Alex Gendler"
A_2770,Mark Ronson
A_2771,Mark Roth
A_2772,"Mark Ruffalo , Don Cheadle"
A_2773,Mark Shaw
A_2774,Mark Tyndall
A_2775,Markham Nolan
A_2776,Marko Russiver
A_2777,Markus Fischer
A_2778,Markus Lorenz
A_2779,Markus Mutz
A_2780,Marla Spivak
A_2781,Marlene Daut
A_2782,Marlene Zuk
A_2783,Marlon Peterson
A_2784,Marta Peirano
A_2785,Martha Minow
A_2786,Martha Redbone
A_2787,Martin Danoesastro
A_2788,Martin Ford
A_2789,Martin Hanczyc
A_2790,Martin Hilpert
A_2791,Martin Jacques
A_2792,Martin Pistorius
A_2793,Martin Rees
A_2794,Martin Reeves
A_2795,Martin Seligman
A_2796,Martin Villeneuve
A_2797,Martina Flor
A_2798,Martine Rothblatt
A_2799,Maru≈°a Brada
A_2800,Marvin Minsky
A_2801,Marwa Al-Sabouni
A_2802,Mary Bassett
A_2803,Mary Ellen Hannibal
A_2804,Mary L. Gray
A_2805,Mary Lou Jepsen
A_2806,Mary Maker
A_2807,Mary Norris
A_2808,Mary Roach
A_2809,Mary Robinson
A_2810,Maryn McKenna
A_2811,Masako Tamaki
A_2812,Masha Gershman
A_2813,Massimo Banzi
A_2814,Mathias Basner
A_2815,Mathias Jud
A_2816,Mathieu Lamiaux
A_2817,Mathieu Lehanneur
A_2818,Matilda Ho
A_2819,Matt Anticole
A_2820,Matt Beane
A_2821,Matt Cutts
A_2822,Matt Goldman
A_2823,Matt Kenyon
A_2824,Matt Killingsworth
A_2825,Matt Langione
A_2826,Matt Mills
A_2827,Matt Mullenweg
A_2828,"Matt Porter , Margaret Hamilton"
A_2829,Matt Ridley
A_2830,Matt Russo
A_2831,Matt Trombley
A_2832,Matt Walker
A_2833,Matt Weinstein
A_2834,Matteo Fadel
A_2835,Matteo Salvadore
A_2836,Matthew A. Wilson
A_2837,Matthew Borths
A_2838,Matthew Carter
A_2839,Matthew Childs
A_2840,Matthew Mazzotta
A_2841,Matthew O'Reilly
A_2842,Matthew Shifrin
A_2843,Matthew White
A_2844,Matthew Williams
A_2845,Matthew Winkler
A_2846,Matthias Mullenbeck
A_2847,Matthieu Ricard
A_2848,Maurice Conti
A_2849,Maurizio Seracini
A_2850,Max Hawkins
A_2851,Max Little
A_2852,Max Rashbrooke
A_2853,Max Tegmark
A_2854,May El-Khalil
A_2855,Maya Beiser
A_2856,Maya Penn
A_2857,Maysoon Zayid
A_2858,Maz Jobrani
A_2859,McKenna Pope
A_2860,Mechai Viravaidya
A_2861,Meera Vijayann
A_2862,Meg Jacobs
A_2863,Meg Jay
A_2864,"Megan Campisi , Pen-Pen Chen"
A_2865,Megan Kamerick
A_2866,Megan McArthur
A_2867,Megan Ming Francis
A_2868,Megan Parker
A_2869,Megan Phelps-Roper
A_2870,Megan Washington
A_2871,Megan Wilkens
A_2872,Mehdi Ordikhani-Seyedlar
A_2873,Mehret Mandefro
A_2874,Mei Lin Neo
A_2875,Meklit Hadero
A_2876,Mel Robbins
A_2877,Mel Rosenberg
A_2878,Melanie E. Peffer
A_2879,Melanie Nezer
A_2880,"Melati , Isabel Wijsen"
A_2881,Melati Wijsen
A_2882,Melinda Babits
A_2883,Melinda Briana Epler
A_2884,Melinda Gates
A_2885,Melissa Fleming
A_2886,Melissa Garren
A_2887,Melissa Marquez
A_2888,Melissa Marshall
A_2889,Melissa Walker
A_2890,Mellody Hobson
A_2891,Melody Smith
A_2892,Melvin Russell
A_2893,Melvin Sanicas
A_2894,Memory Banda
A_2895,Mena Trott
A_2896,Mennat El Ghalid
A_2897,Menno Schilthuizen
A_2898,Meron Gribetz
A_2899,Merve Emre
A_2900,Mia Birdsong
A_2901,Mia Nacamulli
A_2902,"Miao Wang , Alok Sharma , Nigel Topping"
A_2903,Micah Eames
A_2904,Michael Anti
A_2905,Michael Archer
A_2906,Michael Arntfield
A_2907,Michael Benton
A_2908,Michael Bierut
A_2909,Michael Bodekaer
A_2910,Michael Botticelli
A_2911,Michael C. Bush
A_2912,Michael Corballis
A_2913,Michael Dickinson
A_2914,Michael Fey
A_2915,Michael Green
A_2916,Michael Hansmeyer
A_2917,Michael Hendryx
A_2918,Michael Kimmel
A_2919,Michael Levin
A_2920,Michael Mauser
A_2921,Michael McDaniel
A_2922,Michael Merzenich
A_2923,Michael Metcalfe
A_2924,Michael Mieni
A_2925,Michael Molina
A_2926,Michael Moschen
A_2927,Michael Murphy
A_2928,Michael Nielsen
A_2929,Michael Norton
A_2930,Michael Patrick Lynch
A_2931,Michael Pawlyn
A_2932,Michael Pollan
A_2933,Michael Porter
A_2934,Michael Pritchard
A_2935,Michael R. Stiff
A_2936,Michael Rain
A_2937,Michael Ringel
A_2938,Michael Rubinstein
A_2939,Michael S. A. Graziano
A_2940,Michael S.A. Graziano
A_2941,Michael Sandel
A_2942,Michael Shellenberger
A_2943,Michael Shermer
A_2944,Michael Silverstein
A_2945,Michael Specter
A_2946,Michael Stevens
A_2947,Michael Tilson Thomas
A_2948,Michael Tubbs
A_2949,Michael Uslan
A_2950,Michel Dugon
A_2951,Michel Laberge
A_2952,Michele L. Sullivan
A_2953,Michele Wucker
A_2954,Michelle Borkin
A_2955,Michelle Brown
A_2956,Michelle Greene
A_2957,Michelle Knox
A_2958,Michelle Kuo
A_2959,Michelle Mehrtens
A_2960,Michelle Obama
A_2961,Mick Cornett
A_2962,Mick Ebeling
A_2963,Mick Mountz
A_2964,Miguel Alcubierre
A_2965,Miguel Nicolelis
A_2966,Mihaly Csikszentmihalyi
A_2967,Miho Janvier
A_2968,Mikael Cho
A_2969,Mikael Fogelstrom
A_2970,Mike Biddle
A_2971,"Mike Brady , Dion Drew"
A_2972,Mike Brown
A_2973,Mike Cannon-Brookes
A_2974,Mike Davis
A_2975,Mike deGruy
A_2976,Mike Gil
A_2977,Mike Kinney
A_2978,Mike Matas
A_2979,Mike O'Sullivan
A_2980,Mike Robbins
A_2981,Mike Rowe
A_2982,Mike Schwartz
A_2983,Mike Sempert
A_2984,Mike Velings
A_2985,Mikhail Zygar
A_2986,Mikko Hypponen
A_2987,Mileha Soneji
A_2988,Milton Glaser
A_2989,Min Kym
A_2990,Min Zhu
A_2991,Mina Bissell
A_2992,Minda Dentler
A_2993,Mindy Fullilove
A_2994,Mindy Scheier
A_2995,Ming Luke
A_2996,Mira Calix
A_2997,Miracle Jones
A_2998,Miriam Zoila P√©rez
A_2999,Miru Kim
A_3000,Misha Glenny
A_3001,Mitch Resnick
A_3002,Mitch Zeller
A_3003,Mitchell Besser
A_3004,Mitchell Joachim
A_3005,Mitchell Katz
A_3006,Miwa Matreyek
A_3007,Mohamad Jebara
A_3008,Mohamed Ali
A_3009,Mohamed Hijri
A_3010,Mohammad Modarres
A_3011,Molly Crockett
A_3012,Molly Stevens
A_3013,Molly Webster
A_3014,Molly Winter
A_3015,Molly Wright
A_3016,Mona Chalabi
A_3017,monday.com
A_3018,Monica Araya
A_3019,Monica Byrne
A_3020,Monica Johnson
A_3021,Monica Lewinsky
A_3022,Monica Menesini
A_3023,Monica Palacio
A_3024,Monika Blaumueller
A_3025,Monika Bulaj
A_3026,Monique W. Morris
A_3027,Moreangels Mbizah
A_3028,Morgan Spurlock
A_3029,Morgan Vague
A_3030,Morgana Bailey
A_3031,Moriba Jah
A_3032,Morley
A_3033,Morley
A_3034,Morra Aarons-Mele
A_3035,Moshe Safdie
A_3036,Moshe Szyf
A_3037,Mostafa Minawi
A_3038,Mother London
A_3039,Mounia Akl
A_3040,Muhammed Idris
A_3041,Mundano
A_3042,Munir Virani
A_3043,Murat Dalkilinç
A_3044,Murray Gell-Mann
A_3045,Musimbi Kanyoro
A_3046,Muslim Sahib
A_3047,Mustafa Akyol
A_3048,Muthoni Drummer Queen
A_3049,"Mwende ""FreeQuency"" Katwiwa"
A_3050,Myles Allen
A_3051,Myriam Sidibe
A_3052,N√©stor Guerra
A_3053,Nabiha Saklayen
A_3054,Nabila Alibhai
A_3055,Nadia Al-Sakkaf
A_3056,Nadia Kalman
A_3057,Nadia Lopez
A_3058,Nadine Burke Harris
A_3059,Nadine Hachach-Haram
A_3060,Nadjia Yousif
A_3061,Nadya Bartol
A_3062,Nadya Mason
A_3063,Nagin Cox
A_3064,Naif Al-Mutawa
A_3065,Naima Penniman
A_3066,Nalini Nadkarni
A_3067,Nancy Duarte
A_3068,Nancy Etcoff
A_3069,Nancy Frates
A_3070,Nancy Kanwisher
A_3071,Nancy Lublin
A_3072,Nancy N. Chen
A_3073,Nancy Rabalais
A_3074,Nandan Nilekani
A_3075,Nanfu Wang
A_3076,Naoko Ishii
A_3077,Naomi Klein
A_3078,Naomi McDougall Jones
A_3079,Naomi Mwaura
A_3080,Naomi Oreskes
A_3081,Naomi Shimada
A_3082,"Nassim Assefi , Brian A. Levine"
A_3083,Natalie Fee
A_3084,Natalie Fratto
A_3085,Natalie Gunn
A_3086,Natalie Jeremijenko
A_3087,Natalie MacMaster
A_3088,Natalie Merchant
A_3089,Natalie Panek
A_3090,Natalie Warne
A_3091,Natalya St. Clair
A_3092,Natasha Hurley-Walker
A_3093,Natasha Tsakos
A_3094,Nate Garvis
A_3095,Nate Silver
A_3096,Nathalia Holt
A_3097,Nathalie Cabrol
A_3098,Nathalie Miebach
A_3099,Nathan D. Horowitz
A_3100,Nathan Ide
A_3101,Nathan Myhrvold
A_3102,Nathan S. Jacobs
A_3103,Nathan Wolfe
A_3104,Nathaniel Kahn
A_3105,Natsai Audrey Chieza
A_3106,Naturally 7
A_3107,Naufal Mukumi
A_3108,Navi Radjou
A_3109,Ndidi Nwuneli
A_3110,Neal Katyal
A_3111,"Ned Blackhawk , Jeffrey D. Means"
A_3112,Negin Farsad
A_3113,"Neha Madhira , Haley Stack"
A_3114,Neha Narula
A_3115,Neil Burgess
A_3116,Neil Gershenfeld
A_3117,Neil Harbisson
A_3118,Neil MacGregor
A_3119,Neil Pasricha
A_3120,Neil R. Jeyasingam
A_3121,Neil Turok
A_3122,Nellie McKay
A_3123,Nemonte Nenquimo
A_3124,Neri Oxman
A_3125,Netta Schramm
A_3126,Newton Aduaka
A_3127,Neylan McBaine
A_3128,Ngozi Okonjo-Iweala
A_3129,Niall Ferguson
A_3130,Nic Marks
A_3131,Nicaila Matthews Okome
A_3132,Nicholas Christakis
A_3133,Nicholas Negroponte
A_3134,Nick Bostrom
A_3135,"Nick Caruso , Dani Rabaiotti"
A_3136,Nick Hanauer
A_3137,Nick Pizzo
A_3138,Nick Sears
A_3139,"Nick Turner , Whitney Pennington Rodgers"
A_3140,Nick Veasey
A_3141,Nicki Beaman Griffin
A_3142,Nicola Jones
A_3143,Nicola Sturgeon
A_3144,Nicolas Perony
A_3145,Nicole Avena
A_3146,Nicole Maines
A_3147,"Nicole Paris , Ed Cage"
A_3148,Nicole Wilson
A_3149,Niels Diffrient
A_3150,Niels van Namen
A_3151,Nigel Hughes
A_3152,Nigel Marsh
A_3153,Nigel Topping
A_3154,Nighat Dad
A_3155,Niki Okuk
A_3156,Nikki Clifton
A_3157,Nikki Sanchez
A_3158,Nikki Webber Allen
A_3159,Nikolai Begg
A_3160,Nilay Kulkarni
A_3161,Nili Gilbert
A_3162,Nilofer Merchant
A_3163,Nimisha Jain
A_3164,"Nina Dolvik Brochmann , Ellen Stokken Dahl"
A_3165,Nina Fedoroff
A_3166,Nina G. Jablonski
A_3167,Nina Jablonski
A_3168,Nina Klietsch
A_3169,Nina Medvinskaya
A_3170,Nina Tandon
A_3171,Nina Westbrook
A_3172,Nir Eyal
A_3173,Nirmalya Kumar
A_3174,Niro Sivanathan
A_3175,Nirupa Rao
A_3176,Nisha Anand
A_3177,Nita Farahany
A_3178,Nithya Ramanathan
A_3179,Niti Bhan
A_3180,Nitish Padmanaban
A_3181,Nivruti Rai
A_3182,Nizar Ibrahim
A_3183,Nkosilathi Nyathi
A_3184,Nnedi Okorafor
A_3185,"Noa Kageyama , Pen-Pen Chen"
A_3186,Noah Charney
A_3187,Noah Feldman
A_3188,Noah R. Bressman
A_3189,Noah Tavlin
A_3190,Noah Wilson-Rich
A_3191,Noah Zandan
A_3192,Noel Bairey Merz
A_3193,Noeline Kirabo
A_3194,Noelle Martin
A_3195,Nomava Zanazo
A_3196,Nonny de la Pena
A_3197,Nora Atkinson
A_3198,Nora Brown
A_3199,Nora Flanagan
A_3200,Nora McInerny
A_3201,Nora York
A_3202,Noreena Hertz
A_3203,Noriko Arai
A_3204,Norma Pimentel
A_3205,Norman Foster
A_3206,Norman Lear
A_3207,Norman Spack
A_3208,Noy Thrupkaew
A_3209,NWHunter
A_3210,Nyle DiMarco
A_3211,Nyra Jordan
A_3212,Ocean Ramsey
A_3213,Oded Shoseyov
A_3214,Ofer Levy
A_3215,OK Go
A_3216,Olafur Eliasson
A_3217,Ole Scheeren
A_3218,Olga Yurkova
A_3219,Oliver Elfenbaum
A_3220,Oliver Jeffers
A_3221,Oliver Sacks
A_3222,Olivia Affuso
A_3223,Olivia Arthur
A_3224,Olivia Remes
A_3225,Olivia Tyler
A_3226,Olivier Scalabre
A_3227,Olúfé_mi Táíwò e
A_3228,OluTimehin Adegbeye
A_3229,Olympia Della Flora
A_3230,Omar Ahmad
A_3231,Onora O'Neill
A_3232,Onyx Ashanti
A_3233,Oren Yakobovich
A_3234,Orisanmi Burton
A_3235,Ory Okolloh
A_3236,Oscar Schwartz
A_3237,Oskar Eustis
A_3238,Ozawa Bineshi Albert
A_3239,Ozlem Cekic
A_3240,P.J. Parmar
A_3241,P.W. Singer
A_3242,Peter Fankhauser
A_3243,Pablo Santa Cruz
A_3244,Paco de Leon
A_3245,Paddy Ashdown
A_3246,Pam Warhurst
A_3247,Pamela Meyer
A_3248,Pamela Ronald
A_3249,Pamelia Kurstin
A_3250,Pankaj Ghemawat
A_3251,Panti Bliss
A_3252,Paola Antonelli
A_3253,Paolo Bortolameolli
A_3254,Paolo Cardini
A_3255,Parag Khanna
A_3256,Pardis Parker
A_3257,Pardis Sabeti
A_3258,"Pardis Sabeti , Christian Happi"
A_3259,Parul Sehgal
A_3260,Pat Crowley
A_3261,Pat Mitchell
A_3262,Patience Mthunzi
A_3263,Patr√≠cia Medici
A_3264,Patrice Gordon
A_3265,Patrice Thompson
A_3266,Patricia Burchat
A_3267,Patricia Kuhl
A_3268,Patricia Ryan
A_3269,Patrick Awuah
A_3270,Patrick Chappatte
A_3271,Patrick Ferrucci
A_3272,Patrick Forth
A_3273,Patrick Lencioni
A_3274,Patrick Lin
A_3275,Patrick McGinnis
A_3276,PatrickJMT
A_3277,Patsy Rodenburg
A_3278,"Pattie Maes , Pranav Mistry"
A_3279,Patty McCord
A_3280,Paul A. Kramer
A_3281,Paul Bennett
A_3282,Paul Bloom
A_3283,Paul Cater Deaton
A_3284,Paul Collier
A_3285,Paul Conneally
A_3286,Paul Debevec
A_3287,Paul Ewald
A_3288,Paul Franklin
A_3289,Paul Gilding
A_3290,Paul Greenberg
A_3291,Paul Hessburg
A_3292,Paul Kemp-Robertson
A_3293,Paul Knoepfler
A_3294,Paul Lewis
A_3295,Paul MacCready
A_3296,"Paul McEuen , Marc Miskin"
A_3297,Paul Moller
A_3298,Paul Nicklen
A_3299,Paul O'Connell
A_3300,Paul Pholeros
A_3301,Paul Piff
A_3302,Paul Romer
A_3303,Paul Root Wolpe
A_3304,Paul Rothemund
A_3305,Paul Rucker
A_3306,Paul S. Kindstedt
A_3307,Paul Sereno
A_3308,Paul Snelgrove
A_3309,Paul Stamets
A_3310,Paul Tasner
A_3311,Paul Tudor Jones II
A_3312,Paul Zak
A_3313,Paula Hammond
A_3314,Paula Johnson
A_3315,Paula Scher
A_3316,Paula Stone Williams
A_3317,"Paula Stone Williams , Jonathan Williams"
A_3318,Pavan Sukhdev
A_3319,Pawan Sinha
A_3320,"Pazit Cahlon , Alex Gendler"
A_3321,Peachy Liv
A_3322,Pearl Arredondo
A_3323,Pedro Brugarolas
A_3324,Peggy Andover
A_3325,Peggy Chan
A_3326,Peggy McIntosh
A_3327,Peggy Orenstein
A_3328,Peggy Weil
A_3329,Pekka H√§m√§l√§inen
A_3330,Penelope Boston
A_3331,Penny Chisholm
A_3332,Per Espen Stoknes
A_3333,Pere Estupiny√†
A_3334,Peta Greenfield
A_3335,"Peta Greenfield , Alex Gendler"
A_3336,Pete Alcorn
A_3337,Pete Buttigieg
A_3338,Peter Attia
A_3339,Peter Beck
A_3340,Peter Biddle
A_3341,Peter Bohacek
A_3342,Peter Calthorpe
A_3343,Peter Diamandis
A_3344,Peter Donnelly
A_3345,Peter Doolittle
A_3346,Peter Eigen
A_3347,Peter Gabriel
A_3348,Peter Haas
A_3349,Peter Harris
A_3350,Peter Hirshberg
A_3351,Peter Kirn
A_3352,Peter Mende-Siedlecki
A_3353,Peter Molyneux
A_3354,Peter Norvig
A_3355,Peter Ouko
A_3356,Peter Paccone
A_3357,Peter Reinhart
A_3358,Peter Saul
A_3359,Peter Singer
A_3360,Peter Tyack
A_3361,Peter van Manen
A_3362,Peter van Uhm
A_3363,Peter Ward
A_3364,Peter Weinstock
A_3365,Petter Johansson
A_3366,Phil Borges
A_3367,Phil Hansen
A_3368,Phil Plait
A_3369,Phil Tetlow
A_3370,Philip A. Chan
A_3371,Philip Evans
A_3372,Philip Freeman
A_3373,Philip K. Howard
A_3374,Philip Krinks
A_3375,Philip Lubin
A_3376,"Philip Renaud , Kenneth Kostel"
A_3377,Philip Rosedale
A_3378,Philip Zimbardo
A_3379,Philipp Gerbert
A_3380,Philippa Neave
A_3381,Philippe Petit
A_3382,Philippe Starck
A_3383,Phillip Picardi
A_3384,Pia Mancini
A_3385,Pico Iyer
A_3386,Pierre Barreau
A_3387,Pierre Thiam
A_3388,Pilobolus
A_3389,Poet Ali
A_3390,Poppy Crum
A_3391,"Prajakta Koli , Hannah Stocking"
A_3392,Pranav Mistry
A_3393,Prateek Singh
A_3394,Pratik Aghor
A_3395,Pratik Shah
A_3396,Prince Royce
A_3397,Prince William
A_3398,Priscilla Chomba-Kinywa
A_3399,Priscilla Pemu
A_3400,Priti Krishtel
A_3401,Priya Parker
A_3402,"Priya Vulchi , Winona Guo"
A_3403,Priyanka Jain
A_3404,Prosanta Chakrabarty
A_3405,Prumsodun Ok
A_3406,Puqun Li
A_3407,Qi Wu __
A_3408,Qi Zhang
A_3409,Qiuqing Tai
A_3410,"Qudus Onikeku , The QTribe"
A_3411,Quixotic Fusion
A_3412,Quyen Nguyen
A_3413,R. Alan Brooks
A_3414,R. Luke DuBois
A_3415,R. Saravanan
A_3416,R.A. Mashelkar
A_3417,R√©becca Kleinberger
A_3418,Rabbi Lord Jonathan Sacks
A_3419,Rabiaa El Garani
A_3420,Rach Ranton
A_3421,Rachel Armstrong
A_3422,Rachel Botsman
A_3423,Rachel Kleinfeld
A_3424,Rachel Kyte
A_3425,Rachel Pike
A_3426,Rachel Sussman
A_3427,Rachel Wurzman
A_3428,Rachelle Garniez
A_3429,Radhika Nagpal
A_3430,Raffaello D'Andrea
A_3431,Raghava KK
A_3432,Raghuram Rajan
A_3433,Rahaf Harfoush
A_3434,Rahul Mehrotra
A_3435,"Rahwa Ghirmatzion , Zelalem Adefris"
A_3436,Rainer Strack
A_3437,Rainn Wilson
A_3438,Raj Jayadev
A_3439,Raj Panjabi
A_3440,Rajesh Rao
A_3441,Rajiv Maheswaran
A_3442,Ralitsa Petrova
A_3443,Ralph Langner
A_3444,Ralph Nader
A_3445,Ram Neta
A_3446,Ramanan Laxminarayan
A_3447,Ramesh Raskar
A_3448,Ramon Glazov
A_3449,Ramona Pierson
A_3450,Ramsey Musallam
A_3451,Rana Abdelhamid
A_3452,Rana el Kaliouby
A_3453,Rana Novack
A_3454,Randall Hayes
A_3455,Randall Munroe
A_3456,Randy Pausch
A_3457,Rania Bahaa
A_3458,Ranveer Chandra
A_3459,Raphael Arar
A_3460,Raphael Rose
A_3461,Rashad Robinson
A_3462,Raspyni Brothers
A_3463,Raul Midon
A_3464,Ravin Agrawal
A_3465,Ray Anderson
A_3466,Ray Dalio
A_3467,Ray Kurzweil
A_3468,Ray Laurence
A_3469,Ray Zahab
A_3470,Raye Zaragoza
A_3471,Rayma Suprani
A_3472,Raymond Tang
A_3473,Raymond Wang
A_3474,Read Montague
A_3475,Rebeca Hwang
A_3476,Rebecca Brachman
A_3477,Rebecca Firth
A_3478,Rebecca Galemba
A_3479,Rebecca Henderson
A_3480,"Rebecca J. Barthelmie , Sara C. Pryor"
A_3481,Rebecca Knill
A_3482,Rebecca Love
A_3483,Rebecca MacKinnon
A_3484,Rebecca Onie
A_3485,Rebecca Saxe
A_3486,Rebecca Tarvin
A_3487,Rebekah Bergman
A_3488,Reed Hastings
A_3489,Reed Kroloff
A_3490,Refik Anadol
A_3491,Reggie Watts
A_3492,Regina Dugan
A_3493,Regina Hartley
A_3494,Rei
A_3495,Ren√©e Hlozek
A_3496,Ren√©e Lertzman
A_3497,Renata di Tullio
A_3498,Renata Salecl
A_3499,Rene Laufer
A_3500,Renee Montgomery
A_3501,Reniqua Allen
A_3502,Renny Gleeson
A_3503,Renzo Piano
A_3504,Renzo Vitale
A_3505,Reshma Saujani
A_3506,Resistance Revival Chorus
A_3507,Reuben Jonathan Miller
A_3508,Reuben Margolin
A_3509,"Rev. William Barber , Rev. Liz Theoharis"
A_3510,Reynaldo Lopes
A_3511,"Rha Goddess , Deepa Purushothaman"
A_3512,Rhiannon Giddens
A_3513,Ric Elias
A_3514,Ricardo Iacub
A_3515,Ricardo Semler
A_3516,Riccardo Sabatini
A_3517,Rich Benjamin
A_3518,Rich Lesser
A_3519,Rich√© D. Richardson
A_3520,Richard Baraniuk
A_3521,Richard Bona
A_3522,Richard Branson
A_3523,Richard Browning
A_3524,Richard Coffin
A_3525,Richard Dawkins
A_3526,Richard E. Cytowic
A_3527,Richard Feynman
A_3528,Richard J. Berry
A_3529,Richard J. Wood
A_3530,Richard Ledgett
A_3531,Richard Neville
A_3532,Richard Preston
A_3533,Richard Pyle
A_3534,Richard Resnick
A_3535,Richard Sears
A_3536,Richard Seymour
A_3537,Richard St. John
A_3538,Richard Thompson Ford
A_3539,Richard Turere
A_3540,Richard Weller
A_3541,Richard Wilkinson
A_3542,Rick Doblin
A_3543,Rick Falkvinge
A_3544,Rick Guidotti
A_3545,Rick Smolan
A_3546,Rick Warren
A_3547,"Riitta Ikonen , Karoline Hjorth"
A_3548,Risa Wechsler
A_3549,Rishi Manchanda
A_3550,Rita Pierson
A_3551,Rives
A_3552,Rob Cooke
A_3553,Rob Dunbar
A_3554,Rob Forbes
A_3555,Rob Harmon
A_3556,Rob Hopkins
A_3557,Rob Knight
A_3558,Rob Legato
A_3559,Rob Reid
A_3560,Robb Willer
A_3561,Robert A. Belle
A_3562,Robert Ballard
A_3563,Robert Chang
A_3564,Robert Fischell
A_3565,Robert Frost
A_3566,Robert Full
A_3567,Robert Gordon
A_3568,Robert Gupta
A_3569,"Robert Gupta , Joshua Roman"
A_3570,Robert Hakiza
A_3571,Robert Hammond
A_3572,Robert Lang
A_3573,Robert Lustig
A_3574,Robert Muggah
A_3575,Robert Neuwirth
A_3576,Robert Palmer
A_3577,Robert Prill
A_3578,Robert Reffkin
A_3579,Robert Sapolsky
A_3580,Robert Siddall
A_3581,Robert Swan
A_3582,Robert Thurman
A_3583,Robert Waldinger
A_3584,Robert Wright
A_3585,"Roberto D'Angelo , Francesca Fedeli"
A_3586,Robin Chase
A_3587,Robin Hanson
A_3588,Robin Hauser
A_3589,Robin Hooker
A_3590,Robin Ince
A_3591,Robin Morgan
A_3592,Robin Murphy
A_3593,Robin Nagle
A_3594,Robin Steinberg
A_3595,"Robin Steinberg , Manoush Zomorodi"
A_3596,Robyn J. Crook
A_3597,Robyn Stein DeLuca
A_3598,Roc√≠o Lorenzo
A_3599,Rochelle King
A_3600,Rod Phillips
A_3601,Rodin Lyasoff
A_3602,Rodney Brooks
A_3603,Rodney Mullen
A_3604,Rodrigo Bijou
A_3605,Rodrigo Canales
A_3606,Rodrigo y Gabriela
A_3607,Roey Tzezana
A_3608,Roger Antonsen
A_3609,Roger Doiron
A_3610,Roger Ebert
A_3611,Roger Hanlon
A_3612,Roger McNamee
A_3613,Roger Stein
A_3614,Rogier van der Heide
A_3615,Rohan Pavuluri
A_3616,Rokia Traore
A_3617,Rola Hallam
A_3618,Rolf Landua
A_3619,Romain Lacombe
A_3620,Romaine Seguin
A_3621,Roman Krznaric
A_3622,Roman Mars
A_3623,Romina Libster
A_3624,Romulus Whitaker
A_3625,Ron Eglash
A_3626,Ron Finley
A_3627,Ron Gutman
A_3628,Ron McCallum
A_3629,Ron Shaneyfelt
A_3630,Ronald Murray
A_3631,Ronald Rael
A_3632,Ronald Sullivan
A_3633,Ronny Edry
A_3634,Rory Bremner
A_3635,Rory Stewart
A_3636,Rory Sutherland
A_3637,Rosalind G. Brewer
A_3638,Rosalind Picard
A_3639,Rosamund Adoo-Kissi-Debrah
A_3640,Rosario Perazolo Masjoan
A_3641,Rose Eveleth
A_3642,Rose George
A_3643,Rose Goslinga
A_3644,Rose M. Mutiso
A_3645,Roselinde Torres
A_3646,Rosie King
A_3647,Ross Lovegrove
A_3648,"Rowan Fitzpatrick , Heart of Mind"
A_3649,Roxane Gay
A_3650,"Roy Bahat , Bryn Freedman"
A_3651,"Roy Gould , Curtis Wong"
A_3652,Roz Savage
A_3653,Ruby Sales
A_3654,Ruby Wax
A_3655,Ruchi Shah
A_3656,Ruchi Sinha
A_3657,"Rufus Griscom , Alisa Volkman"
A_3658,Rufus Wainwright
A_3659,Rumaitha Al Busaidi
A_3660,Rupal Patel
A_3661,Rusha Modi
A_3662,Russ Altman
A_3663,Russell Foster
A_3664,Russell Wilson
A_3665,Rutger Bregman
A_3666,Ruth Chang
A_3667,Ryan Gravel
A_3668,Ryan Holladay
A_3669,Ryan Lobo
A_3670,Ryan Martin
A_3671,Ryan Merkley
A_3672,Ryan Pfluger
A_3673,Ryan Phelan
A_3674,S_ Percussion
A_3675,Sabine Doebel
A_3676,Sadasivan Shankar
A_3677,Safeena Husain
A_3678,Safia Elhillo
A_3679,Safwat Saleem
A_3680,Sahaj Kaur Kohli
A_3681,Sahil Sethi
A_3682,Sajan Saini
A_3683,Sajay Samuel
A_3684,Sakena Yacoobi
A_3685,Saki Mafundikwa
A_3686,Sakinah Hofler
A_3687,Sal Khan
A_3688,Salil Dudani
A_3689,Sally Kohn
A_3690,Salvatore Iaconesi
A_3691,Sam Berns
A_3692,Sam Harris
A_3693,Sam Hester
A_3694,Sam Kass
A_3695,Sam Kean
A_3696,Sam Martin
A_3697,Sam Richards
A_3698,Sam Rodriques
A_3699,Sam Van Aken
A_3700,Samantha Agoos
A_3701,Samantha Nutt
A_3702,Samantha Power
A_3703,Samuel Cohen
A_3704,Samy Nour Younes
A_3705,Sana Amanat
A_3706,Sandeep Jauhar
A_3707,Sandi Toksvig
A_3708,Sandra Aamodt
A_3709,Sandra Fisher-Martins
A_3710,Sandra Rey
A_3711,Sandrine Dixson-Decleve
A_3712,Sandrine Thuret
A_3713,Sanford Biggers
A_3714,Sangeeta Bhatia
A_3715,Sangu Delle
A_3716,Sanjay Dastoor
A_3717,Sanjay Pradhan
A_3718,Sara C. Mednick
A_3719,Sara DeWitt
A_3720,Sara Garofalo
A_3721,Sara Jones
A_3722,Sara Lewis
A_3723,Sara Menker
A_3724,Sara Ramirez
A_3725,Sara Sanford
A_3726,Sara Seager
A_3727,Sara Valencia Botto
A_3728,Sara-Jane Dunn
A_3729,Sarah Barmak
A_3730,Sarah Bergbreiter
A_3731,Sarah Brosnan
A_3732,Sarah Cairns-Smith
A_3733,Sarah Corbett
A_3734,Sarah Donnelly
A_3735,Sarah Dudas
A_3736,Sarah E. Tracy
A_3737,"Sarah Ellis , Helen Tupper"
A_3738,Sarah Gray
A_3739,Sarah Jones
A_3740,Sarah Kaminsky
A_3741,Sarah Kay
A_3742,Sarah Kessans
A_3743,Sarah Klein
A_3744,Sarah Kurnick
A_3745,Sarah Lewis
A_3746,Sarah Montana
A_3747,Sarah Murray
A_3748,Sarah Parcak
A_3749,Sarah Rugheimer
A_3750,Sarah Sze
A_3751,Sarah T. Stewart
A_3752,Sarah Willersdorf
A_3753,Sarah-Jayne Blakemore
A_3754,Sarthak Sinha
A_3755,Sarvesh Subramanian
A_3756,Sasa Vucinic
A_3757,Sascha Morrell
A_3758,Sasha Dichter
A_3759,Sasha Sarago
A_3760,Saul Griffith
A_3761,Sauti Sol
A_3762,Sayu Bhojwani
A_3763,Schuyler Bailar
A_3764,Scilla Elworthy
A_3765,Scott A. Mellor
A_3766,Scott Dinsmore
A_3767,Scott Fraser
A_3768,Scott Galloway
A_3769,Scott Gass
A_3770,Scott Kim
A_3771,Scott McCloud
A_3772,Scott Nguyen
A_3773,Scott Peeples
A_3774,Scott Rickard
A_3775,Scott Summit
A_3776,Scott Szwast
A_3777,Scott Williams
A_3778,Sean Carroll
A_3779,Sean Davis
A_3780,Sean Follmer
A_3781,Sean Gourley
A_3782,Sean Sherman
A_3783,Sebasti√°n Bortnik
A_3784,Sebasti√£o Salgado
A_3785,Sebastian Deterding
A_3786,Sebastian Guo
A_3787,Sebastian Junger
A_3788,Sebastian Kraves
A_3789,Sebastian Seung
A_3790,Sebastian Thrun
A_3791,"Sebastian Thrun , Chris Anderson"
A_3792,Sebastian Wernicke
A_3793,Sebastien de Halleux
A_3794,Seema Bansal
A_3795,Seena Mathew
A_3796,Sendhil Mullainathan
A_3797,"Serena Williams , Gayle King"
A_3798,Sergei Lupashin
A_3799,Sergey Brin
A_3800,"Sergey Brin , Larry Page"
A_3801,Sergio Feferovich
A_3802,Seth Berkley
A_3803,Seth Darling
A_3804,Seth Godin
A_3805,Seth Priebatsch
A_3806,Seth Shostak
A_3807,Sethembile Msezane
A_3808,Severine Autesserre
A_3809,Severn Cullis-Suzuki
A_3810,Seyi Oyesola
A_3811,Shabana Basij-Rasikh
A_3812,Shad Begum
A_3813,"Shad√© Zahrai , Aric Yegudkin"
A_3814,Shaffi Mather
A_3815,Shah Rukh Khan
A_3816,Shai Agassi
A_3817,Shai Marcu
A_3818,Shai Reshef
A_3819,Shaka Senghor
A_3820,Shalini Unnikrishnan
A_3821,Shameem Akhtar
A_3822,Shameran Abed
A_3823,Shane Griffin
A_3824,Shane Koyczan
A_3825,Shane Wickes
A_3826,Shannon Lee
A_3827,Shantell Martin
A_3828,ShaoLan
A_3829,Shari Davis
A_3830,Sharmeen Obaid-Chinoy
A_3831,Sharon Brous
A_3832,Sharon Horesh Bergquist
A_3833,Sharon Terry
A_3834,Sharon Weinberger
A_3835,Shashi Tharoor
A_3836,Shawn Achor
A_3837,Shawn Martinbrough
A_3838,Shawnee
A_3839,Shaylin Schundler
A_3840,Shea Hembrey
A_3841,Sheena Iyengar
A_3842,Sheikha Al Mayassa
A_3843,Sheila Marie Orfano
A_3844,"Sheila Marie Orfano , Densho"
A_3845,Sheila Nirenberg
A_3846,Sheila Patek
A_3847,Shekhar Kapur
A_3848,Shekinah Elmore
A_3849,"Sheku Kanneh-Mason , Isata Kanneh-Mason"
A_3850,Shelley Shott
A_3851,Sheperd Doeleman
A_3852,Shereen El Feki
A_3853,Sherry Turkle
A_3854,Sherwin Nuland
A_3855,Sheryl Sandberg
A_3856,Sheryl WuDunn
A_3857,Shigeru Ban
A_3858,Shih Chieh Huang
A_3859,Shilo Shiv Suleman
A_3860,Shilpa Ravella
A_3861,Shimon Schocken
A_3862,Shimon Steinberg
A_3863,Shimpei Takahashi
A_3864,Shirin Neshat
A_3865,Shivani Siroya
A_3866,Shlomo Benartzi
A_3867,Shoel Perelman
A_3868,Shohini Ghose
A_3869,Shonda Rhimes
A_3870,"Shonda Rhimes , Cyndi Stivers"
A_3871,Shrabani Basu
A_3872,Shravan S K
A_3873,Shu Matsuo Post
A_3874,Shubhendu Sharma
A_3875,Shukla Bose
A_3876,Shunan Teng
A_3877,Shweta Narayan
A_3878,Shyam Sankar
A_3879,Siamak Hariri
A_3880,Sian Leah Beilock
A_3881,Siawn Ou
A_3882,Siddhartha Mukherjee
A_3883,Siddhartha Roy
A_3884,Siddharthan Chandran
A_3885,Siegfried Woldhek
A_3886,Sierra Hull
A_3887,Sigrid
A_3888,Silk Road Ensemble
A_3889,"Silk Road Ensemble , Rhiannon Giddens"
A_3890,Silvia Moreno-Garc√≠a
A_3891,Simon Anholt
A_3892,Simon Berrow
A_3893,Simon Lewis
A_3894,Simon Sinek
A_3895,Simona Abdallah
A_3896,Simona Francese
A_3897,"Simone Bianco , Tom Zimmerman"
A_3898,Simone Giertz
A_3899,Sin√©ad Burke
A_3900,Sinan Aral
A_3901,Sir Ken Robinson
A_3902,Sirena Huang
A_3903,Sisonke Msimang
A_3904,Sister True Dedication
A_3905,Sitawa Wafula
A_3906,Sivamani
A_3907,Siyanda Mohutsiwa
A_3908,Skye C. Cleary
A_3909,Skylar Tibbits
A_3910,Sleepy Man Banjo Boys
A_3911,Smruti Jukur Johari
A_3912,Sofi Tukker
A_3913,Sofia Jawed-Wessel
A_3914,Soka Moses
A_3915,Solomon Goldstein-Rose
A_3916,Sonaar Luthra
A_3917,Sonia Livingstone
A_3918,Sonia Shah
A_3919,Sophal Ear
A_3920,Sophia Kianni
A_3921,Sophia Wallace
A_3922,Sophie Andrews
A_3923,Sophie Howe
A_3924,Sophie Hunger
A_3925,Sophie Rose
A_3926,Sophie Scott
A_3927,Sophie Williams
A_3928,Sophie Zadeh
A_3929,Soraya Chemaly
A_3930,Soraya Field Fiorio
A_3931,Sougwen Chung
A_3932,Soyapi Mumba
A_3933,Srdja Popovic
A_3934,Srikumar Rao
A_3935,Stacey Abrams
A_3936,Stacey Kramer
A_3937,Stacie Bosley
A_3938,Stacy Smith
A_3939,Stan Lee
A_3940,Stanley McChrystal
A_3941,Stefaan Verhulst
A_3942,Stefan Al
A_3943,Stefan C. Dombrowski
A_3944,Stefan Gross-Selbeck
A_3945,Stefan Larsson
A_3946,Stefan Sagmeister
A_3947,Stefan Wolff
A_3948,Stefana Broadbent
A_3949,Stefano Mancuso
A_3950,Stefen Chow
A_3951,Stefon Harris
A_3952,Stella Young
A_3953,Stephanie Braccini Slade
A_3954,Stephanie Busari
A_3955,Stephanie Kelton
A_3956,Stephanie Sardelis
A_3957,Stephanie Warren
A_3958,Stephen Bax
A_3959,Stephen Burt
A_3960,Stephen Cave
A_3961,Stephen Coleman
A_3962,Stephen DeBerry
A_3963,Stephen Doyle
A_3964,Stephen Friend
A_3965,Stephen Hawking
A_3966,Stephen Lawler
A_3967,Stephen Lawrence
A_3968,Stephen Palumbi
A_3969,Stephen Petranek
A_3970,Stephen Ritz
A_3971,Stephen Trzeciak
A_3972,Stephen Webb
A_3973,Stephen Wilkes
A_3974,Stephen Wolfram
A_3975,Steve Boyes
A_3976,Steve Brown
A_3977,Steve Howard
A_3978,Steve Jobs
A_3979,Steve Jurvetson
A_3980,Steve Keil
A_3981,Steve McCarroll
A_3982,"Steve Ramirez , Xu Liu"
A_3983,Steve Rothstein
A_3984,Steve Silberman
A_3985,Steve Simpson
A_3986,Steve Truglia
A_3987,Steven Addis
A_3988,Steven Allison
A_3989,Steven Anderson
A_3990,Steven Cowley
A_3991,Steven Johnson
A_3992,Steven Levitt
A_3993,Steven Petrow
A_3994,Steven Pinker
A_3995,"Steven Pinker , Rebecca Newberger Goldstein"
A_3996,Steven Schwaitzberg
A_3997,Steven Sharp Nelson
A_3998,Steven Strogatz
A_3999,Steven Wise
A_4000,Steven Zheng
A_4001,Stew
A_4002,Stewart Brand
A_4003,"Stewart Brand , Chris Anderson"
A_4004,"Stewart Brand , Mark Z. Jacobson"
A_4005,Sting
A_4006,Stuart Brown
A_4007,Stuart Duncan
A_4008,Stuart Firestein
A_4009,Stuart Oda
A_4010,Stuart Russell
A_4011,Su Kahumbu
A_4012,Su Santidad el Papa Francisco
A_4013,Suchitra Krishnan-Sarin
A_4014,Sue Austin
A_4015,Sue Desmond-Hellmann
A_4016,Sue Jaye Johnson
A_4017,Sue Klebold
A_4018,Sugata Mitra
A_4019,Suheir Hammad
A_4020,Suki Kim
A_4021,Suleika Jaouad
A_4022,Sunil Prashara
A_4023,Sunitha Krishnan
A_4024,Sunni Brown
A_4025,Sunni Patterson
A_4026,Supasorn Suwajanakorn
A_4027,Susan Blackmore
A_4028,Susan Cain
A_4029,Susan Colantuono
A_4030,Susan David
A_4031,Susan David
A_4032,Susan Emmett
A_4033,Susan Etlinger
A_4034,Susan Graham
A_4035,Susan Lim
A_4036,Susan Lupack
A_4037,Susan M. Reverby
A_4038,Susan Pinker
A_4039,Susan Robinson
A_4040,Susan Ruffo
A_4041,Susan Savage-Rumbaugh
A_4042,Susan Shaw
A_4043,Susan Solomon
A_4044,Susannah Temko
A_4045,Suzana Herculano-Houzel
A_4046,Suzanne Barakat
A_4047,Suzanne Case
A_4048,Suzanne Duncan
A_4049,Suzanne Lee
A_4050,Suzanne Simard
A_4051,Suzanne Talhouk
A_4052,Suzie Sheehy
A_4053,Svante P√§√§bo
A_4054,Sviatlana Tsikhanouskaya
A_4055,Swizz Beatz
A_4056,"Sxip Shirey , Rachelle Garniez"
A_4057,Sydney Chaffee
A_4058,Sydney Iaukea
A_4059,Sydney Jensen
A_4060,Sylvain Duranton
A_4061,Sylvia Earle
A_4062,T. Boone Pickens
A_4063,"T. Morgan Dixon , Vanessa Garrison"
A_4064,Tabetha Boyajian
A_4065,Tai Simpson
A_4066,Taika Waititi
A_4067,Taiye Selasi
A_4068,Takaharu Tezuka
A_4069,Taken for Granted
A_4070,Takis S. Pappas
A_4071,Tal Danino
A_4072,Tal Golesworthy
A_4073,Tal Zaks
A_4074,Tali Sharot
A_4075,Talithia Williams
A_4076,Tamas Kocsis
A_4077,Tamekia MizLadi Smith
A_4078,Tammy Lally
A_4079,Tan Le
A_4080,Taneka Jones
A_4081,Tania Douglas
A_4082,Tania Luna
A_4083,Tania Simoncelli
A_4084,Tanmay Bakshi
A_4085,Tanya Berger-Wolf
A_4086,Tanya Boucicaut
A_4087,Tanya Khovanova
A_4088,Tanya Menon
A_4089,Tapiwa Chiwewe
A_4090,Tara Djokic
A_4091,Tara Houska
A_4092,Tara Winkler
A_4093,Tarana Burke
A_4094,Taryn Simon
A_4095,Tasha Eurich
A_4096,"Tashka , Laura Yawanawa"
A_4097,Tasos Frantzolas
A_4098,Tasso Azevedo
A_4099,Tavi Gevinson
A_4100,Tawanda Kanhema
A_4101,Taylor Mali
A_4102,Taylor Wilson
A_4103,Tea Uglow
A_4104,TED
A_4105,TED Audio Collective
A_4106,TED Business
A_4107,Ted Dintersmith
A_4108,Ted Halstead
A_4109,TED Radio Hour
A_4110,TED staff
A_4111,TED-Ed
A_4112,TED-Ed
A_4113,Teddy Cruz
A_4114,TEDx SHORTS
A_4115,Teitur
A_4116,Temple Grandin
A_4117,Teresa Bejan
A_4118,Teresa Njoroge
A_4119,Terisa Folaron
A_4120,Terri Conley
A_4121,Terry Moore
A_4122,Thandiswa Mazwai
A_4123,Thandiwe Newton
A_4124,Thasunda Duckett
A_4125,The Bloom Twins
A_4126,The Ferocious Few
A_4127,The Hartford
A_4128,The Holladay Brothers
A_4129,The Lady Lifers
A_4130,The LXD
A_4131,The Nature Conservancy
A_4132,The Soul Rebels
A_4133,The TED Interview
A_4134,Thea Holcomb
A_4135,Thea Knight
A_4136,Theaster Gates
A_4137,Thelma Golden
A_4138,Theo E.J. Wilson
A_4139,Theo Jansen
A_4140,Theresa A. Yugar
A_4141,They Might Be Giants
A_4142,Thom Mayne
A_4143,Thomas Abt
A_4144,Thomas Barnett
A_4145,Thomas Boothby
A_4146,Thomas Crowther
A_4147,Thomas Curran
A_4148,Thomas Dolby
A_4149,Thomas Goetz
A_4150,Thomas Heatherwick
A_4151,Thomas Hellum
A_4152,Thomas Insel
A_4153,Thomas L. Dawson
A_4154,Thomas Lloyd
A_4155,Thomas Madrecki
A_4156,Thomas P. Campbell
A_4157,Thomas Peschak
A_4158,Thomas Piketty
A_4159,Thomas Pogge
A_4160,Thomas Suarez
A_4161,Thomas Thwaites
A_4162,Thomas W. Cronin
A_4163,"Thordis Elva , Tom Stranger"
A_4164,Thulasiraj Ravilla
A_4165,Tiana Epps-Johnson
A_4166,Tierney Thys
A_4167,"Tierney Thys , Plankton Chronicles Project"
A_4168,"Tiffany Kagure Mugo , Siphumeze Khundayi"
A_4169,Tiffany Watt Smith
A_4170,Tilak Mandadi
A_4171,Tim Adams
A_4172,Tim Berners-Lee
A_4173,Tim Birkhead
A_4174,Tim Brown
A_4175,Tim Dunn
A_4176,Tim Exile
A_4177,Tim Ferriss
A_4178,Tim Flannery
A_4179,Tim Hansen
A_4180,Tim Harford
A_4181,Tim Jackson
A_4182,Tim Kruger
A_4183,Tim Leberecht
A_4184,Tim Nevius
A_4185,Tim Seibles
A_4186,Tim Smith
A_4187,Tim Urban
A_4188,Timothy Bartik
A_4189,Timothy Graf
A_4190,Timothy Ihrig
A_4191,Timothy Prestero
A_4192,Tina Arrowood
A_4193,Tina Seelig
A_4194,"Tiq Milan , Kim Katrin Milan"
A_4195,Tito Deler
A_4196,Titus Kaphar
A_4197,tobacco brown
A_4198,Toby Eccles
A_4199,Toby Kiers
A_4200,Toby Shapshak
A_4201,"Tod Machover , Dan Ellsey"
A_4202,Todd Coleman
A_4203,Todd Dufresne
A_4204,Todd Gershkowitz
A_4205,Todd Humphreys
A_4206,Todd Kuiken
A_4207,Todd Scott
A_4208,Tom Chatfield
A_4209,Tom Griffiths
A_4210,Tom Gruber
A_4211,Tom Honey
A_4212,Tom Hulme
A_4213,Tom Nash
A_4214,Tom Osborn
A_4215,Tom Rielly
A_4216,Tom Rivett-Carnac
A_4217,Tom Schuler
A_4218,Tom Shannon
A_4219,"Tom Shannon , John Hockenberry"
A_4220,Tom Teves
A_4221,Tom Thum
A_4222,"Tom Thum , Matthew Broadhurst"
A_4223,Tom Whyntie
A_4224,Tom Wujec
A_4225,Tom√°s Chor
A_4226,TomaÃÅs Saraceno
A_4227,Tomas Elemans
A_4228,Tomer Garzberg
A_4229,Tommy McCall
A_4230,Toni Griffin
A_4231,Tony Buffington
A_4232,Tony Fadell
A_4233,Tony Luciani
A_4234,Tony Porter
A_4235,Tony Salvador
A_4236,Tony Wyss-Coray
A_4237,Topher White
A_4238,Torsten Reil
A_4239,Touria El Glaoui
A_4240,Tracee Ellis Ross
A_4241,Tracey McNamara
A_4242,Tracie Keesee
A_4243,Tracy Chevalier
A_4244,Tracy Edwards
A_4245,Tracy Young
A_4246,Travis Kalanick
A_4247,Travis Rieder
A_4248,Trebor Scholz
A_4249,Trevor Aaronson
A_4250,"Trevor Copp , Jeff Fox"
A_4251,Trevor Maber
A_4252,Trevor Timm
A_4253,Tricia Wang
A_4254,Triona McGrath
A_4255,Tristan Harris
A_4256,Tristram Stuart
A_4257,Tristram Wyatt
A_4258,Trita Parsi
A_4259,Truls Nord
A_4260,Tshering Tobgay
A_4261,Tucker Hiatt
A_4262,Tyler Cowen
A_4263,Tyler DeWitt
A_4264,"Tyrone Davis, Jr."
A_4265,"Tyrone Hayes , Penelope Jagessar Chaffer"
A_4266,Tzeporah Berman
A_4267,Ueli Gegenschatz
A_4268,"Uƒüur ≈ûahin , √ñzlem T√ºreci"
A_4269,Uldus Bakhtiozina
A_4270,Uma Adwani
A_4271,Uri Alon
A_4272,Uri Hasson
A_4273,Ursula von der Leyen
A_4274,Ursus Wehrli
A_4275,"Usman Riaz , Preston Reed"
A_4276,V√≠ctor Demar√≠a Pesce
A_4277,Valarie Kaur
A_4278,Valentin Hammoudi
A_4279,Valerie June
A_4280,Valerie Purdie-Greenaway
A_4281,Valorie Kondos Field
A_4282,Van Jones
A_4283,Vance Kite
A_4284,Vanessa Ruiz
A_4285,Varun Sivaram
A_4286,Veerle Provoost
A_4287,Venus Keus
A_4288,VernƒÅ Myers
A_4289,Veronica Barassi
A_4290,Vicki Arroyo
A_4291,Victor Rios
A_4292,Victor Vescovo
A_4293,Victoria Gill
A_4294,Victoria Pratt
A_4295,Vijay Kumar
A_4296,Vik Muniz
A_4297,Vikas Jaitely
A_4298,Vikram Bhalla
A_4299,Vikram Patel
A_4300,Vikram Sharma
A_4301,Viktor Frankl
A_4302,Vilayanur Ramachandran
A_4303,Villy Wang
A_4304,Vinay Shandal
A_4305,Vinay Venkatraman
A_4306,Vincent Cochetel
A_4307,"Vincent Moon , Nana Vasconcelos"
A_4308,Vinith Misra
A_4309,Viola Llewellyn
A_4310,Virginia Postrel
A_4311,Virginia Smith
A_4312,Virginia Wotring
A_4313,Vishaan Chakrabarti
A_4314,Vishal Sikka
A_4315,Vishal Vaid
A_4316,Vittorio Loreto
A_4317,Vivek Maru
A_4318,Viviana Alvarez
A_4319,VS Ramachandran
A_4320,Vusi Mahlasela
A_4321,W. Keith Campbell
A_4322,Wadah Khanfar
A_4323,Wade Davis
A_4324,Wael Ghonim
A_4325,Wajahat Ali
A_4326,Wajdi Mohamed Ratemi
A_4327,Wale Oyejide
A_4328,Wale Elegbede
A_4329,Walter Hood
A_4330,Walter R. Tschinkel
A_4331,Wanda Diaz Merced
A_4332,Wanda Irving
A_4333,Wanis Kabbaj
A_4334,Wanjira Mathai
A_4335,Wanuri Kahiu
A_4336,Warren Valdmanis
A_4337,Washington Wachira
A_4338,Wayne McGregor
A_4339,Wendell Pierce
A_4340,Wendy Chung
A_4341,Wendy De La Rosa
A_4342,Wendy Freedman
A_4343,Wendy Hawkins
A_4344,Wendy MacNaughton
A_4345,Wendy Suzuki
A_4346,Wendy Troxel
A_4347,Wendy Woods
A_4348,Werner Reich
A_4349,Wes Moore
A_4350,Wesley Saint Clair
A_4351,Will Cathcart
A_4352,Will Hurd
A_4353,Will Jenkins
A_4354,Will MacAskill
A_4355,Will Marshall
A_4356,Will Potter
A_4357,Will Wright
A_4358,Willard Wigan
A_4359,"William ""Sandy"" Darity"
A_4360,William Black
A_4361,William Butler Yeats
A_4362,William Collis
A_4363,William D. Desmond
A_4364,William Kamkwamba
A_4365,William Li
A_4366,William McDonough
A_4367,William Noel
A_4368,William Shakespeare
A_4369,William Ury
A_4370,Willie Smits
A_4371,Wilton L. Virgo
A_4372,Wingham Rowan
A_4373,Winnie Harlow
A_4374,Wisecrack
A_4375,Wobbly World
A_4376,WOLF
A_4377,Wolfgang Kessling
A_4378,Woody Norris
A_4379,Xavier De Kestelier
A_4380,Xavier Vilalta
A_4381,Xiye Bastida
A_4382,"Xiye Bastida , Shiv Soin , Latif Nasser"
A_4383,Ya√´l Eisenstat
A_4384,Yale Fox
A_4385,Yami Joshi
A_4386,Yana Buhrer Tavanier
A_4387,Yang Lan
A_4388,Yanis Varoufakis
A_4389,Yaniv Erlich
A_4390,Yann Arthus-Bertrand
A_4391,Yann Dall'Aglio
A_4392,Yann LeCun
A_4393,Yannay Khaikin
A_4394,Yannick Roudaut
A_4395,Yasheng Huang
A_4396,Yasin Kakande
A_4397,Yasmin Green
A_4398,Yasmin Hurd
A_4399,Yassmin Abdel-Magied
A_4400,Yelle
A_4401,Yemi Alade
A_4402,Yen Pham
A_4403,Yeonmi Park
A_4404,YeYoon Kim
A_4405,Yifat Susskind
A_4406,Yoav Medan
A_4407,Yochai Benkler
A_4408,Yoruba Richen
A_4409,Yossi Elran
A_4410,Yossi Vardi
A_4411,Young-ha Kim
A_4412,Yue Xiu Lim
A_4413,Yuko Morita
A_4414,Yuko Munakata
A_4415,Yusuf Nurbhai
A_4416,Yuval Noah Harari
A_4417,Yve Blake
A_4418,Yves B√©har
A_4419,Yves Morieux
A_4420,Yves Rossy
A_4421,Yvette Alberdingk Thijm
A_4422,Yvonne Aki-Sawyerr
A_4423,Yvonne van Amerongen
A_4424,Zac Goldsmith
A_4425,"Zach Kaplan , Keith Schacht"
A_4426,Zachariah Mampilly
A_4427,Zachary R. Wood
A_4428,Zahra Al-Mahdi
A_4429,Zahra' Langhi
A_4430,Zainab Salbi
A_4431,Zak Ebrahim
A_4432,Zaria Forman
A_4433,Ze Frank
A_4434,Zeresenay Alemseged
A_4435,Zeynep Tufekci
A_4436,Ziauddin Yousafzai
A_4437,ZigZag
A_4438,Ziyah Gafic
A_4439,Zo√´ Karl-Waithaka
A_4440,Zoe Pierrat
A_4441,Zohreh Davoudi
A_4442,Zubaida Bai